[2026-09-16 16:59:04] production.ERROR: View [home] not found. {"exception":"[object] (InvalidArgumentException(code: 0): View [home] not found. at /home/drgroupb/public_html/vendor/laravel/framework/src/Illuminate/View/FileViewFinder.php:138)
[stacktrace]
#0 /home/drgroupb/public_html/vendor/laravel/framework/src/Illuminate/View/FileViewFinder.php(78): Illuminate\\View\\FileViewFinder->findInPaths()
#1 /home/drgroupb/public_html/vendor/laravel/framework/src/Illuminate/View/Factory.php(150): Illuminate\\View\\FileViewFinder->find()
#2 /home/drgroupb/public_html/vendor/laravel/framework/src/Illuminate/Foundation/helpers.php(1101): Illuminate\\View\\Factory->make()
#3 /home/drgroupb/public_html/app/Http/Controllers/HomeController.php(27): view()
#4 /home/drgroupb/public_html/vendor/laravel/framework/src/Illuminate/Routing/ControllerDispatcher.php(46): App\\Http\\Controllers\\HomeController->index()
#5 /home/drgroupb/public_html/vendor/laravel/framework/src/Illuminate/Routing/Route.php(276): Illuminate\\Routing\\ControllerDispatcher->dispatch()
#6 /home/drgroupb/public_html/vendor/laravel/framework/src/Illuminate/Routing/Route.php(216): Illuminate\\Routing\\Route->runController()
#7 /home/drgroupb/public_html/vendor/laravel/framework/src/Illuminate/Routing/Router.php(822): Illuminate\\Routing\\Route->run()
#8 /home/drgroupb/public_html/vendor/laravel/framework/src/Illuminate/Pipeline/Pipeline.php(180): Illuminate\\Routing\\Router->{closure:Illuminate\\Routing\\Router::runRouteWithinStack():821}()
#9 /home/drgroupb/public_html/vendor/laravel/framework/src/Illuminate/Routing/Middleware/SubstituteBindings.php(52): Illuminate\\Pipeline\\Pipeline->{closure:Illuminate\\Pipeline\\Pipeline::prepareDestination():178}()
#10 /home/drgroupb/public_html/vendor/laravel/framework/src/Illuminate/Pipeline/Pipeline.php(219): Illuminate\\Routing\\Middleware\\SubstituteBindings->handle()
#11 /home/drgroupb/public_html/vendor/laravel/framework/src/Illuminate/Foundation/Http/Middleware/PreventRequestForgery.php(104): Illuminate\\Pipeline\\Pipeline->{closure:{closure:Illuminate\\Pipeline\\Pipeline::carry():194}:195}()
#12 /home/drgroupb/public_html/vendor/laravel/framework/src/Illuminate/Pipeline/Pipeline.php(219): Illuminate\\Foundation\\Http\\Middleware\\PreventRequestForgery->handle()
#13 /home/drgroupb/public_html/vendor/laravel/framework/src/Illuminate/View/Middleware/ShareErrorsFromSession.php(48): Illuminate\\Pipeline\\Pipeline->{closure:{closure:Illuminate\\Pipeline\\Pipeline::carry():194}:195}()
#14 /home/drgroupb/public_html/vendor/laravel/framework/src/Illuminate/Pipeline/Pipeline.php(219): Illuminate\\View\\Middleware\\ShareErrorsFromSession->handle()
#15 /home/drgroupb/public_html/vendor/laravel/framework/src/Illuminate/Session/Middleware/StartSession.php(120): Illuminate\\Pipeline\\Pipeline->{closure:{closure:Illuminate\\Pipeline\\Pipeline::carry():194}:195}()
#16 /home/drgroupb/public_html/vendor/laravel/framework/src/Illuminate/Session/Middleware/StartSession.php(63): Illuminate\\Session\\Middleware\\StartSession->handleStatefulRequest()
#17 /home/drgroupb/public_html/vendor/laravel/framework/src/Illuminate/Pipeline/Pipeline.php(219): Illuminate\\Session\\Middleware\\StartSession->handle()
#18 /home/drgroupb/public_html/vendor/laravel/framework/src/Illuminate/Cookie/Middleware/AddQueuedCookiesToResponse.php(36): Illuminate\\Pipeline\\Pipeline->{closure:{closure:Illuminate\\Pipeline\\Pipeline::carry():194}:195}()
#19 /home/drgroupb/public_html/vendor/laravel/framework/src/Illuminate/Pipeline/Pipeline.php(219): Illuminate\\Cookie\\Middleware\\AddQueuedCookiesToResponse->handle()
#20 /home/drgroupb/public_html/vendor/laravel/framework/src/Illuminate/Cookie/Middleware/EncryptCookies.php(74): Illuminate\\Pipeline\\Pipeline->{closure:{closure:Illuminate\\Pipeline\\Pipeline::carry():194}:195}()
#21 /home/drgroupb/public_html/vendor/laravel/framework/src/Illuminate/Pipeline/Pipeline.php(219): Illuminate\\Cookie\\Middleware\\EncryptCookies->handle()
#22 /home/drgroupb/public_html/vendor/laravel/framework/src/Illuminate/Pipeline/Pipeline.php(137): Illuminate\\Pipeline\\Pipeline->{closure:{closure:Illuminate\\Pipeline\\Pipeline::carry():194}:195}()
#23 /home/drgroupb/public_html/vendor/laravel/framework/src/Illuminate/Routing/Router.php(821): Illuminate\\Pipeline\\Pipeline->then()
#24 /home/drgroupb/public_html/vendor/laravel/framework/src/Illuminate/Routing/Router.php(800): Illuminate\\Routing\\Router->runRouteWithinStack()
#25 /home/drgroupb/public_html/vendor/laravel/framework/src/Illuminate/Routing/Router.php(764): Illuminate\\Routing\\Router->runRoute()
#26 /home/drgroupb/public_html/vendor/laravel/framework/src/Illuminate/Routing/Router.php(753): Illuminate\\Routing\\Router->dispatchToRoute()
#27 /home/drgroupb/public_html/vendor/laravel/framework/src/Illuminate/Foundation/Http/Kernel.php(200): Illuminate\\Routing\\Router->dispatch()
#28 /home/drgroupb/public_html/vendor/laravel/framework/src/Illuminate/Pipeline/Pipeline.php(180): Illuminate\\Foundation\\Http\\Kernel->{closure:Illuminate\\Foundation\\Http\\Kernel::dispatchToRouter():197}()
#29 /home/drgroupb/public_html/vendor/laravel/framework/src/Illuminate/Foundation/Http/Middleware/TransformsRequest.php(21): Illuminate\\Pipeline\\Pipeline->{closure:Illuminate\\Pipeline\\Pipeline::prepareDestination():178}()
#30 /home/drgroupb/public_html/vendor/laravel/framework/src/Illuminate/Foundation/Http/Middleware/ConvertEmptyStringsToNull.php(31): Illuminate\\Foundation\\Http\\Middleware\\TransformsRequest->handle()
#31 /home/drgroupb/public_html/vendor/laravel/framework/src/Illuminate/Pipeline/Pipeline.php(219): Illuminate\\Foundation\\Http\\Middleware\\ConvertEmptyStringsToNull->handle()
#32 /home/drgroupb/public_html/vendor/laravel/framework/src/Illuminate/Foundation/Http/Middleware/TransformsRequest.php(21): Illuminate\\Pipeline\\Pipeline->{closure:{closure:Illuminate\\Pipeline\\Pipeline::carry():194}:195}()
#33 /home/drgroupb/public_html/vendor/laravel/framework/src/Illuminate/Foundation/Http/Middleware/TrimStrings.php(51): Illuminate\\Foundation\\Http\\Middleware\\TransformsRequest->handle()
#34 /home/drgroupb/public_html/vendor/laravel/framework/src/Illuminate/Pipeline/Pipeline.php(219): Illuminate\\Foundation\\Http\\Middleware\\TrimStrings->handle()
#35 /home/drgroupb/public_html/vendor/laravel/framework/src/Illuminate/Http/Middleware/ValidatePostSize.php(27): Illuminate\\Pipeline\\Pipeline->{closure:{closure:Illuminate\\Pipeline\\Pipeline::carry():194}:195}()
#36 /home/drgroupb/public_html/vendor/laravel/framework/src/Illuminate/Pipeline/Pipeline.php(219): Illuminate\\Http\\Middleware\\ValidatePostSize->handle()
#37 /home/drgroupb/public_html/vendor/laravel/framework/src/Illuminate/Foundation/Http/Middleware/PreventRequestsDuringMaintenance.php(110): Illuminate\\Pipeline\\Pipeline->{closure:{closure:Illuminate\\Pipeline\\Pipeline::carry():194}:195}()
#38 /home/drgroupb/public_html/vendor/laravel/framework/src/Illuminate/Pipeline/Pipeline.php(219): Illuminate\\Foundation\\Http\\Middleware\\PreventRequestsDuringMaintenance->handle()
#39 /home/drgroupb/public_html/vendor/laravel/framework/src/Illuminate/Http/Middleware/HandleCors.php(61): Illuminate\\Pipeline\\Pipeline->{closure:{closure:Illuminate\\Pipeline\\Pipeline::carry():194}:195}()
#40 /home/drgroupb/public_html/vendor/laravel/framework/src/Illuminate/Pipeline/Pipeline.php(219): Illuminate\\Http\\Middleware\\HandleCors->handle()
#41 /home/drgroupb/public_html/vendor/laravel/framework/src/Illuminate/Http/Middleware/TrustProxies.php(58): Illuminate\\Pipeline\\Pipeline->{closure:{closure:Illuminate\\Pipeline\\Pipeline::carry():194}:195}()
#42 /home/drgroupb/public_html/vendor/laravel/framework/src/Illuminate/Pipeline/Pipeline.php(219): Illuminate\\Http\\Middleware\\TrustProxies->handle()
#43 /home/drgroupb/public_html/vendor/laravel/framework/src/Illuminate/Foundation/Http/Middleware/InvokeDeferredCallbacks.php(22): Illuminate\\Pipeline\\Pipeline->{closure:{closure:Illuminate\\Pipeline\\Pipeline::carry():194}:195}()
#44 /home/drgroupb/public_html/vendor/laravel/framework/src/Illuminate/Pipeline/Pipeline.php(219): Illuminate\\Foundation\\Http\\Middleware\\InvokeDeferredCallbacks->handle()
#45 /home/drgroupb/public_html/vendor/laravel/framework/src/Illuminate/Http/Middleware/ValidatePathEncoding.php(28): Illuminate\\Pipeline\\Pipeline->{closure:{closure:Illuminate\\Pipeline\\Pipeline::carry():194}:195}()
#46 /home/drgroupb/public_html/vendor/laravel/framework/src/Illuminate/Pipeline/Pipeline.php(219): Illuminate\\Http\\Middleware\\ValidatePathEncoding->handle()
#47 /home/drgroupb/public_html/vendor/laravel/framework/src/Illuminate/Pipeline/Pipeline.php(137): Illuminate\\Pipeline\\Pipeline->{closure:{closure:Illuminate\\Pipeline\\Pipeline::carry():194}:195}()
#48 /home/drgroupb/public_html/vendor/laravel/framework/src/Illuminate/Foundation/Http/Kernel.php(175): Illuminate\\Pipeline\\Pipeline->then()
#49 /home/drgroupb/public_html/vendor/laravel/framework/src/Illuminate/Foundation/Http/Kernel.php(144): Illuminate\\Foundation\\Http\\Kernel->sendRequestThroughRouter()
#50 /home/drgroupb/public_html/vendor/laravel/framework/src/Illuminate/Foundation/Application.php(1227): Illuminate\\Foundation\\Http\\Kernel->handle()
#51 /home/drgroupb/public_html/index.php(31): Illuminate\\Foundation\\Application->handleRequest()
#52 {main}
"} 
[2026-09-16 16:59:07] production.ERROR: View [home] not found. {"exception":"[object] (InvalidArgumentException(code: 0): View [home] not found. at /home/drgroupb/public_html/vendor/laravel/framework/src/Illuminate/View/FileViewFinder.php:138)
[stacktrace]
#0 /home/drgroupb/public_html/vendor/laravel/framework/src/Illuminate/View/FileViewFinder.php(78): Illuminate\\View\\FileViewFinder->findInPaths()
#1 /home/drgroupb/public_html/vendor/laravel/framework/src/Illuminate/View/Factory.php(150): Illuminate\\View\\FileViewFinder->find()
#2 /home/drgroupb/public_html/vendor/laravel/framework/src/Illuminate/Foundation/helpers.php(1101): Illuminate\\View\\Factory->make()
#3 /home/drgroupb/public_html/app/Http/Controllers/HomeController.php(27): view()
#4 /home/drgroupb/public_html/vendor/laravel/framework/src/Illuminate/Routing/ControllerDispatcher.php(46): App\\Http\\Controllers\\HomeController->index()
#5 /home/drgroupb/public_html/vendor/laravel/framework/src/Illuminate/Routing/Route.php(276): Illuminate\\Routing\\ControllerDispatcher->dispatch()
#6 /home/drgroupb/public_html/vendor/laravel/framework/src/Illuminate/Routing/Route.php(216): Illuminate\\Routing\\Route->runController()
#7 /home/drgroupb/public_html/vendor/laravel/framework/src/Illuminate/Routing/Router.php(822): Illuminate\\Routing\\Route->run()
#8 /home/drgroupb/public_html/vendor/laravel/framework/src/Illuminate/Pipeline/Pipeline.php(180): Illuminate\\Routing\\Router->{closure:Illuminate\\Routing\\Router::runRouteWithinStack():821}()
#9 /home/drgroupb/public_html/vendor/laravel/framework/src/Illuminate/Routing/Middleware/SubstituteBindings.php(52): Illuminate\\Pipeline\\Pipeline->{closure:Illuminate\\Pipeline\\Pipeline::prepareDestination():178}()
#10 /home/drgroupb/public_html/vendor/laravel/framework/src/Illuminate/Pipeline/Pipeline.php(219): Illuminate\\Routing\\Middleware\\SubstituteBindings->handle()
#11 /home/drgroupb/public_html/vendor/laravel/framework/src/Illuminate/Foundation/Http/Middleware/PreventRequestForgery.php(104): Illuminate\\Pipeline\\Pipeline->{closure:{closure:Illuminate\\Pipeline\\Pipeline::carry():194}:195}()
#12 /home/drgroupb/public_html/vendor/laravel/framework/src/Illuminate/Pipeline/Pipeline.php(219): Illuminate\\Foundation\\Http\\Middleware\\PreventRequestForgery->handle()
#13 /home/drgroupb/public_html/vendor/laravel/framework/src/Illuminate/View/Middleware/ShareErrorsFromSession.php(48): Illuminate\\Pipeline\\Pipeline->{closure:{closure:Illuminate\\Pipeline\\Pipeline::carry():194}:195}()
#14 /home/drgroupb/public_html/vendor/laravel/framework/src/Illuminate/Pipeline/Pipeline.php(219): Illuminate\\View\\Middleware\\ShareErrorsFromSession->handle()
#15 /home/drgroupb/public_html/vendor/laravel/framework/src/Illuminate/Session/Middleware/StartSession.php(120): Illuminate\\Pipeline\\Pipeline->{closure:{closure:Illuminate\\Pipeline\\Pipeline::carry():194}:195}()
#16 /home/drgroupb/public_html/vendor/laravel/framework/src/Illuminate/Session/Middleware/StartSession.php(63): Illuminate\\Session\\Middleware\\StartSession->handleStatefulRequest()
#17 /home/drgroupb/public_html/vendor/laravel/framework/src/Illuminate/Pipeline/Pipeline.php(219): Illuminate\\Session\\Middleware\\StartSession->handle()
#18 /home/drgroupb/public_html/vendor/laravel/framework/src/Illuminate/Cookie/Middleware/AddQueuedCookiesToResponse.php(36): Illuminate\\Pipeline\\Pipeline->{closure:{closure:Illuminate\\Pipeline\\Pipeline::carry():194}:195}()
#19 /home/drgroupb/public_html/vendor/laravel/framework/src/Illuminate/Pipeline/Pipeline.php(219): Illuminate\\Cookie\\Middleware\\AddQueuedCookiesToResponse->handle()
#20 /home/drgroupb/public_html/vendor/laravel/framework/src/Illuminate/Cookie/Middleware/EncryptCookies.php(74): Illuminate\\Pipeline\\Pipeline->{closure:{closure:Illuminate\\Pipeline\\Pipeline::carry():194}:195}()
#21 /home/drgroupb/public_html/vendor/laravel/framework/src/Illuminate/Pipeline/Pipeline.php(219): Illuminate\\Cookie\\Middleware\\EncryptCookies->handle()
#22 /home/drgroupb/public_html/vendor/laravel/framework/src/Illuminate/Pipeline/Pipeline.php(137): Illuminate\\Pipeline\\Pipeline->{closure:{closure:Illuminate\\Pipeline\\Pipeline::carry():194}:195}()
#23 /home/drgroupb/public_html/vendor/laravel/framework/src/Illuminate/Routing/Router.php(821): Illuminate\\Pipeline\\Pipeline->then()
#24 /home/drgroupb/public_html/vendor/laravel/framework/src/Illuminate/Routing/Router.php(800): Illuminate\\Routing\\Router->runRouteWithinStack()
#25 /home/drgroupb/public_html/vendor/laravel/framework/src/Illuminate/Routing/Router.php(764): Illuminate\\Routing\\Router->runRoute()
#26 /home/drgroupb/public_html/vendor/laravel/framework/src/Illuminate/Routing/Router.php(753): Illuminate\\Routing\\Router->dispatchToRoute()
#27 /home/drgroupb/public_html/vendor/laravel/framework/src/Illuminate/Foundation/Http/Kernel.php(200): Illuminate\\Routing\\Router->dispatch()
#28 /home/drgroupb/public_html/vendor/laravel/framework/src/Illuminate/Pipeline/Pipeline.php(180): Illuminate\\Foundation\\Http\\Kernel->{closure:Illuminate\\Foundation\\Http\\Kernel::dispatchToRouter():197}()
#29 /home/drgroupb/public_html/vendor/laravel/framework/src/Illuminate/Foundation/Http/Middleware/TransformsRequest.php(21): Illuminate\\Pipeline\\Pipeline->{closure:Illuminate\\Pipeline\\Pipeline::prepareDestination():178}()
#30 /home/drgroupb/public_html/vendor/laravel/framework/src/Illuminate/Foundation/Http/Middleware/ConvertEmptyStringsToNull.php(31): Illuminate\\Foundation\\Http\\Middleware\\TransformsRequest->handle()
#31 /home/drgroupb/public_html/vendor/laravel/framework/src/Illuminate/Pipeline/Pipeline.php(219): Illuminate\\Foundation\\Http\\Middleware\\ConvertEmptyStringsToNull->handle()
#32 /home/drgroupb/public_html/vendor/laravel/framework/src/Illuminate/Foundation/Http/Middleware/TransformsRequest.php(21): Illuminate\\Pipeline\\Pipeline->{closure:{closure:Illuminate\\Pipeline\\Pipeline::carry():194}:195}()
#33 /home/drgroupb/public_html/vendor/laravel/framework/src/Illuminate/Foundation/Http/Middleware/TrimStrings.php(51): Illuminate\\Foundation\\Http\\Middleware\\TransformsRequest->handle()
#34 /home/drgroupb/public_html/vendor/laravel/framework/src/Illuminate/Pipeline/Pipeline.php(219): Illuminate\\Foundation\\Http\\Middleware\\TrimStrings->handle()
#35 /home/drgroupb/public_html/vendor/laravel/framework/src/Illuminate/Http/Middleware/ValidatePostSize.php(27): Illuminate\\Pipeline\\Pipeline->{closure:{closure:Illuminate\\Pipeline\\Pipeline::carry():194}:195}()
#36 /home/drgroupb/public_html/vendor/laravel/framework/src/Illuminate/Pipeline/Pipeline.php(219): Illuminate\\Http\\Middleware\\ValidatePostSize->handle()
#37 /home/drgroupb/public_html/vendor/laravel/framework/src/Illuminate/Foundation/Http/Middleware/PreventRequestsDuringMaintenance.php(110): Illuminate\\Pipeline\\Pipeline->{closure:{closure:Illuminate\\Pipeline\\Pipeline::carry():194}:195}()
#38 /home/drgroupb/public_html/vendor/laravel/framework/src/Illuminate/Pipeline/Pipeline.php(219): Illuminate\\Foundation\\Http\\Middleware\\PreventRequestsDuringMaintenance->handle()
#39 /home/drgroupb/public_html/vendor/laravel/framework/src/Illuminate/Http/Middleware/HandleCors.php(61): Illuminate\\Pipeline\\Pipeline->{closure:{closure:Illuminate\\Pipeline\\Pipeline::carry():194}:195}()
#40 /home/drgroupb/public_html/vendor/laravel/framework/src/Illuminate/Pipeline/Pipeline.php(219): Illuminate\\Http\\Middleware\\HandleCors->handle()
#41 /home/drgroupb/public_html/vendor/laravel/framework/src/Illuminate/Http/Middleware/TrustProxies.php(58): Illuminate\\Pipeline\\Pipeline->{closure:{closure:Illuminate\\Pipeline\\Pipeline::carry():194}:195}()
#42 /home/drgroupb/public_html/vendor/laravel/framework/src/Illuminate/Pipeline/Pipeline.php(219): Illuminate\\Http\\Middleware\\TrustProxies->handle()
#43 /home/drgroupb/public_html/vendor/laravel/framework/src/Illuminate/Foundation/Http/Middleware/InvokeDeferredCallbacks.php(22): Illuminate\\Pipeline\\Pipeline->{closure:{closure:Illuminate\\Pipeline\\Pipeline::carry():194}:195}()
#44 /home/drgroupb/public_html/vendor/laravel/framework/src/Illuminate/Pipeline/Pipeline.php(219): Illuminate\\Foundation\\Http\\Middleware\\InvokeDeferredCallbacks->handle()
#45 /home/drgroupb/public_html/vendor/laravel/framework/src/Illuminate/Http/Middleware/ValidatePathEncoding.php(28): Illuminate\\Pipeline\\Pipeline->{closure:{closure:Illuminate\\Pipeline\\Pipeline::carry():194}:195}()
#46 /home/drgroupb/public_html/vendor/laravel/framework/src/Illuminate/Pipeline/Pipeline.php(219): Illuminate\\Http\\Middleware\\ValidatePathEncoding->handle()
#47 /home/drgroupb/public_html/vendor/laravel/framework/src/Illuminate/Pipeline/Pipeline.php(137): Illuminate\\Pipeline\\Pipeline->{closure:{closure:Illuminate\\Pipeline\\Pipeline::carry():194}:195}()
#48 /home/drgroupb/public_html/vendor/laravel/framework/src/Illuminate/Foundation/Http/Kernel.php(175): Illuminate\\Pipeline\\Pipeline->then()
#49 /home/drgroupb/public_html/vendor/laravel/framework/src/Illuminate/Foundation/Http/Kernel.php(144): Illuminate\\Foundation\\Http\\Kernel->sendRequestThroughRouter()
#50 /home/drgroupb/public_html/vendor/laravel/framework/src/Illuminate/Foundation/Application.php(1227): Illuminate\\Foundation\\Http\\Kernel->handle()
#51 /home/drgroupb/public_html/index.php(31): Illuminate\\Foundation\\Application->handleRequest()
#52 {main}
"} 
[2026-09-16 17:00:52] production.ERROR: View [home] not found. {"exception":"[object] (InvalidArgumentException(code: 0): View [home] not found. at /home/drgroupb/public_html/vendor/laravel/framework/src/Illuminate/View/FileViewFinder.php:138)
[stacktrace]
#0 /home/drgroupb/public_html/vendor/laravel/framework/src/Illuminate/View/FileViewFinder.php(78): Illuminate\\View\\FileViewFinder->findInPaths()
#1 /home/drgroupb/public_html/vendor/laravel/framework/src/Illuminate/View/Factory.php(150): Illuminate\\View\\FileViewFinder->find()
#2 /home/drgroupb/public_html/vendor/laravel/framework/src/Illuminate/Foundation/helpers.php(1101): Illuminate\\View\\Factory->make()
#3 /home/drgroupb/public_html/app/Http/Controllers/HomeController.php(27): view()
#4 /home/drgroupb/public_html/vendor/laravel/framework/src/Illuminate/Routing/ControllerDispatcher.php(46): App\\Http\\Controllers\\HomeController->index()
#5 /home/drgroupb/public_html/vendor/laravel/framework/src/Illuminate/Routing/Route.php(276): Illuminate\\Routing\\ControllerDispatcher->dispatch()
#6 /home/drgroupb/public_html/vendor/laravel/framework/src/Illuminate/Routing/Route.php(216): Illuminate\\Routing\\Route->runController()
#7 /home/drgroupb/public_html/vendor/laravel/framework/src/Illuminate/Routing/Router.php(822): Illuminate\\Routing\\Route->run()
#8 /home/drgroupb/public_html/vendor/laravel/framework/src/Illuminate/Pipeline/Pipeline.php(180): Illuminate\\Routing\\Router->{closure:Illuminate\\Routing\\Router::runRouteWithinStack():821}()
#9 /home/drgroupb/public_html/vendor/laravel/framework/src/Illuminate/Routing/Middleware/SubstituteBindings.php(52): Illuminate\\Pipeline\\Pipeline->{closure:Illuminate\\Pipeline\\Pipeline::prepareDestination():178}()
#10 /home/drgroupb/public_html/vendor/laravel/framework/src/Illuminate/Pipeline/Pipeline.php(219): Illuminate\\Routing\\Middleware\\SubstituteBindings->handle()
#11 /home/drgroupb/public_html/vendor/laravel/framework/src/Illuminate/Foundation/Http/Middleware/PreventRequestForgery.php(104): Illuminate\\Pipeline\\Pipeline->{closure:{closure:Illuminate\\Pipeline\\Pipeline::carry():194}:195}()
#12 /home/drgroupb/public_html/vendor/laravel/framework/src/Illuminate/Pipeline/Pipeline.php(219): Illuminate\\Foundation\\Http\\Middleware\\PreventRequestForgery->handle()
#13 /home/drgroupb/public_html/vendor/laravel/framework/src/Illuminate/View/Middleware/ShareErrorsFromSession.php(48): Illuminate\\Pipeline\\Pipeline->{closure:{closure:Illuminate\\Pipeline\\Pipeline::carry():194}:195}()
#14 /home/drgroupb/public_html/vendor/laravel/framework/src/Illuminate/Pipeline/Pipeline.php(219): Illuminate\\View\\Middleware\\ShareErrorsFromSession->handle()
#15 /home/drgroupb/public_html/vendor/laravel/framework/src/Illuminate/Session/Middleware/StartSession.php(120): Illuminate\\Pipeline\\Pipeline->{closure:{closure:Illuminate\\Pipeline\\Pipeline::carry():194}:195}()
#16 /home/drgroupb/public_html/vendor/laravel/framework/src/Illuminate/Session/Middleware/StartSession.php(63): Illuminate\\Session\\Middleware\\StartSession->handleStatefulRequest()
#17 /home/drgroupb/public_html/vendor/laravel/framework/src/Illuminate/Pipeline/Pipeline.php(219): Illuminate\\Session\\Middleware\\StartSession->handle()
#18 /home/drgroupb/public_html/vendor/laravel/framework/src/Illuminate/Cookie/Middleware/AddQueuedCookiesToResponse.php(36): Illuminate\\Pipeline\\Pipeline->{closure:{closure:Illuminate\\Pipeline\\Pipeline::carry():194}:195}()
#19 /home/drgroupb/public_html/vendor/laravel/framework/src/Illuminate/Pipeline/Pipeline.php(219): Illuminate\\Cookie\\Middleware\\AddQueuedCookiesToResponse->handle()
#20 /home/drgroupb/public_html/vendor/laravel/framework/src/Illuminate/Cookie/Middleware/EncryptCookies.php(74): Illuminate\\Pipeline\\Pipeline->{closure:{closure:Illuminate\\Pipeline\\Pipeline::carry():194}:195}()
#21 /home/drgroupb/public_html/vendor/laravel/framework/src/Illuminate/Pipeline/Pipeline.php(219): Illuminate\\Cookie\\Middleware\\EncryptCookies->handle()
#22 /home/drgroupb/public_html/vendor/laravel/framework/src/Illuminate/Pipeline/Pipeline.php(137): Illuminate\\Pipeline\\Pipeline->{closure:{closure:Illuminate\\Pipeline\\Pipeline::carry():194}:195}()
#23 /home/drgroupb/public_html/vendor/laravel/framework/src/Illuminate/Routing/Router.php(821): Illuminate\\Pipeline\\Pipeline->then()
#24 /home/drgroupb/public_html/vendor/laravel/framework/src/Illuminate/Routing/Router.php(800): Illuminate\\Routing\\Router->runRouteWithinStack()
#25 /home/drgroupb/public_html/vendor/laravel/framework/src/Illuminate/Routing/Router.php(764): Illuminate\\Routing\\Router->runRoute()
#26 /home/drgroupb/public_html/vendor/laravel/framework/src/Illuminate/Routing/Router.php(753): Illuminate\\Routing\\Router->dispatchToRoute()
#27 /home/drgroupb/public_html/vendor/laravel/framework/src/Illuminate/Foundation/Http/Kernel.php(200): Illuminate\\Routing\\Router->dispatch()
#28 /home/drgroupb/public_html/vendor/laravel/framework/src/Illuminate/Pipeline/Pipeline.php(180): Illuminate\\Foundation\\Http\\Kernel->{closure:Illuminate\\Foundation\\Http\\Kernel::dispatchToRouter():197}()
#29 /home/drgroupb/public_html/vendor/laravel/framework/src/Illuminate/Foundation/Http/Middleware/TransformsRequest.php(21): Illuminate\\Pipeline\\Pipeline->{closure:Illuminate\\Pipeline\\Pipeline::prepareDestination():178}()
#30 /home/drgroupb/public_html/vendor/laravel/framework/src/Illuminate/Foundation/Http/Middleware/ConvertEmptyStringsToNull.php(31): Illuminate\\Foundation\\Http\\Middleware\\TransformsRequest->handle()
#31 /home/drgroupb/public_html/vendor/laravel/framework/src/Illuminate/Pipeline/Pipeline.php(219): Illuminate\\Foundation\\Http\\Middleware\\ConvertEmptyStringsToNull->handle()
#32 /home/drgroupb/public_html/vendor/laravel/framework/src/Illuminate/Foundation/Http/Middleware/TransformsRequest.php(21): Illuminate\\Pipeline\\Pipeline->{closure:{closure:Illuminate\\Pipeline\\Pipeline::carry():194}:195}()
#33 /home/drgroupb/public_html/vendor/laravel/framework/src/Illuminate/Foundation/Http/Middleware/TrimStrings.php(51): Illuminate\\Foundation\\Http\\Middleware\\TransformsRequest->handle()
#34 /home/drgroupb/public_html/vendor/laravel/framework/src/Illuminate/Pipeline/Pipeline.php(219): Illuminate\\Foundation\\Http\\Middleware\\TrimStrings->handle()
#35 /home/drgroupb/public_html/vendor/laravel/framework/src/Illuminate/Http/Middleware/ValidatePostSize.php(27): Illuminate\\Pipeline\\Pipeline->{closure:{closure:Illuminate\\Pipeline\\Pipeline::carry():194}:195}()
#36 /home/drgroupb/public_html/vendor/laravel/framework/src/Illuminate/Pipeline/Pipeline.php(219): Illuminate\\Http\\Middleware\\ValidatePostSize->handle()
#37 /home/drgroupb/public_html/vendor/laravel/framework/src/Illuminate/Foundation/Http/Middleware/PreventRequestsDuringMaintenance.php(110): Illuminate\\Pipeline\\Pipeline->{closure:{closure:Illuminate\\Pipeline\\Pipeline::carry():194}:195}()
#38 /home/drgroupb/public_html/vendor/laravel/framework/src/Illuminate/Pipeline/Pipeline.php(219): Illuminate\\Foundation\\Http\\Middleware\\PreventRequestsDuringMaintenance->handle()
#39 /home/drgroupb/public_html/vendor/laravel/framework/src/Illuminate/Http/Middleware/HandleCors.php(61): Illuminate\\Pipeline\\Pipeline->{closure:{closure:Illuminate\\Pipeline\\Pipeline::carry():194}:195}()
#40 /home/drgroupb/public_html/vendor/laravel/framework/src/Illuminate/Pipeline/Pipeline.php(219): Illuminate\\Http\\Middleware\\HandleCors->handle()
#41 /home/drgroupb/public_html/vendor/laravel/framework/src/Illuminate/Http/Middleware/TrustProxies.php(58): Illuminate\\Pipeline\\Pipeline->{closure:{closure:Illuminate\\Pipeline\\Pipeline::carry():194}:195}()
#42 /home/drgroupb/public_html/vendor/laravel/framework/src/Illuminate/Pipeline/Pipeline.php(219): Illuminate\\Http\\Middleware\\TrustProxies->handle()
#43 /home/drgroupb/public_html/vendor/laravel/framework/src/Illuminate/Foundation/Http/Middleware/InvokeDeferredCallbacks.php(22): Illuminate\\Pipeline\\Pipeline->{closure:{closure:Illuminate\\Pipeline\\Pipeline::carry():194}:195}()
#44 /home/drgroupb/public_html/vendor/laravel/framework/src/Illuminate/Pipeline/Pipeline.php(219): Illuminate\\Foundation\\Http\\Middleware\\InvokeDeferredCallbacks->handle()
#45 /home/drgroupb/public_html/vendor/laravel/framework/src/Illuminate/Http/Middleware/ValidatePathEncoding.php(28): Illuminate\\Pipeline\\Pipeline->{closure:{closure:Illuminate\\Pipeline\\Pipeline::carry():194}:195}()
#46 /home/drgroupb/public_html/vendor/laravel/framework/src/Illuminate/Pipeline/Pipeline.php(219): Illuminate\\Http\\Middleware\\ValidatePathEncoding->handle()
#47 /home/drgroupb/public_html/vendor/laravel/framework/src/Illuminate/Pipeline/Pipeline.php(137): Illuminate\\Pipeline\\Pipeline->{closure:{closure:Illuminate\\Pipeline\\Pipeline::carry():194}:195}()
#48 /home/drgroupb/public_html/vendor/laravel/framework/src/Illuminate/Foundation/Http/Kernel.php(175): Illuminate\\Pipeline\\Pipeline->then()
#49 /home/drgroupb/public_html/vendor/laravel/framework/src/Illuminate/Foundation/Http/Kernel.php(144): Illuminate\\Foundation\\Http\\Kernel->sendRequestThroughRouter()
#50 /home/drgroupb/public_html/vendor/laravel/framework/src/Illuminate/Foundation/Application.php(1227): Illuminate\\Foundation\\Http\\Kernel->handle()
#51 /home/drgroupb/public_html/index.php(31): Illuminate\\Foundation\\Application->handleRequest()
#52 {main}
"} 
[2026-09-16 17:02:59] production.ERROR: View [home] not found. {"exception":"[object] (InvalidArgumentException(code: 0): View [home] not found. at /home/drgroupb/public_html/vendor/laravel/framework/src/Illuminate/View/FileViewFinder.php:138)
[stacktrace]
#0 /home/drgroupb/public_html/vendor/laravel/framework/src/Illuminate/View/FileViewFinder.php(78): Illuminate\\View\\FileViewFinder->findInPaths()
#1 /home/drgroupb/public_html/vendor/laravel/framework/src/Illuminate/View/Factory.php(150): Illuminate\\View\\FileViewFinder->find()
#2 /home/drgroupb/public_html/vendor/laravel/framework/src/Illuminate/Foundation/helpers.php(1101): Illuminate\\View\\Factory->make()
#3 /home/drgroupb/public_html/app/Http/Controllers/HomeController.php(27): view()
#4 /home/drgroupb/public_html/vendor/laravel/framework/src/Illuminate/Routing/ControllerDispatcher.php(46): App\\Http\\Controllers\\HomeController->index()
#5 /home/drgroupb/public_html/vendor/laravel/framework/src/Illuminate/Routing/Route.php(276): Illuminate\\Routing\\ControllerDispatcher->dispatch()
#6 /home/drgroupb/public_html/vendor/laravel/framework/src/Illuminate/Routing/Route.php(216): Illuminate\\Routing\\Route->runController()
#7 /home/drgroupb/public_html/vendor/laravel/framework/src/Illuminate/Routing/Router.php(822): Illuminate\\Routing\\Route->run()
#8 /home/drgroupb/public_html/vendor/laravel/framework/src/Illuminate/Pipeline/Pipeline.php(180): Illuminate\\Routing\\Router->{closure:Illuminate\\Routing\\Router::runRouteWithinStack():821}()
#9 /home/drgroupb/public_html/vendor/laravel/framework/src/Illuminate/Routing/Middleware/SubstituteBindings.php(52): Illuminate\\Pipeline\\Pipeline->{closure:Illuminate\\Pipeline\\Pipeline::prepareDestination():178}()
#10 /home/drgroupb/public_html/vendor/laravel/framework/src/Illuminate/Pipeline/Pipeline.php(219): Illuminate\\Routing\\Middleware\\SubstituteBindings->handle()
#11 /home/drgroupb/public_html/vendor/laravel/framework/src/Illuminate/Foundation/Http/Middleware/PreventRequestForgery.php(104): Illuminate\\Pipeline\\Pipeline->{closure:{closure:Illuminate\\Pipeline\\Pipeline::carry():194}:195}()
#12 /home/drgroupb/public_html/vendor/laravel/framework/src/Illuminate/Pipeline/Pipeline.php(219): Illuminate\\Foundation\\Http\\Middleware\\PreventRequestForgery->handle()
#13 /home/drgroupb/public_html/vendor/laravel/framework/src/Illuminate/View/Middleware/ShareErrorsFromSession.php(48): Illuminate\\Pipeline\\Pipeline->{closure:{closure:Illuminate\\Pipeline\\Pipeline::carry():194}:195}()
#14 /home/drgroupb/public_html/vendor/laravel/framework/src/Illuminate/Pipeline/Pipeline.php(219): Illuminate\\View\\Middleware\\ShareErrorsFromSession->handle()
#15 /home/drgroupb/public_html/vendor/laravel/framework/src/Illuminate/Session/Middleware/StartSession.php(120): Illuminate\\Pipeline\\Pipeline->{closure:{closure:Illuminate\\Pipeline\\Pipeline::carry():194}:195}()
#16 /home/drgroupb/public_html/vendor/laravel/framework/src/Illuminate/Session/Middleware/StartSession.php(63): Illuminate\\Session\\Middleware\\StartSession->handleStatefulRequest()
#17 /home/drgroupb/public_html/vendor/laravel/framework/src/Illuminate/Pipeline/Pipeline.php(219): Illuminate\\Session\\Middleware\\StartSession->handle()
#18 /home/drgroupb/public_html/vendor/laravel/framework/src/Illuminate/Cookie/Middleware/AddQueuedCookiesToResponse.php(36): Illuminate\\Pipeline\\Pipeline->{closure:{closure:Illuminate\\Pipeline\\Pipeline::carry():194}:195}()
#19 /home/drgroupb/public_html/vendor/laravel/framework/src/Illuminate/Pipeline/Pipeline.php(219): Illuminate\\Cookie\\Middleware\\AddQueuedCookiesToResponse->handle()
#20 /home/drgroupb/public_html/vendor/laravel/framework/src/Illuminate/Cookie/Middleware/EncryptCookies.php(74): Illuminate\\Pipeline\\Pipeline->{closure:{closure:Illuminate\\Pipeline\\Pipeline::carry():194}:195}()
#21 /home/drgroupb/public_html/vendor/laravel/framework/src/Illuminate/Pipeline/Pipeline.php(219): Illuminate\\Cookie\\Middleware\\EncryptCookies->handle()
#22 /home/drgroupb/public_html/vendor/laravel/framework/src/Illuminate/Pipeline/Pipeline.php(137): Illuminate\\Pipeline\\Pipeline->{closure:{closure:Illuminate\\Pipeline\\Pipeline::carry():194}:195}()
#23 /home/drgroupb/public_html/vendor/laravel/framework/src/Illuminate/Routing/Router.php(821): Illuminate\\Pipeline\\Pipeline->then()
#24 /home/drgroupb/public_html/vendor/laravel/framework/src/Illuminate/Routing/Router.php(800): Illuminate\\Routing\\Router->runRouteWithinStack()
#25 /home/drgroupb/public_html/vendor/laravel/framework/src/Illuminate/Routing/Router.php(764): Illuminate\\Routing\\Router->runRoute()
#26 /home/drgroupb/public_html/vendor/laravel/framework/src/Illuminate/Routing/Router.php(753): Illuminate\\Routing\\Router->dispatchToRoute()
#27 /home/drgroupb/public_html/vendor/laravel/framework/src/Illuminate/Foundation/Http/Kernel.php(200): Illuminate\\Routing\\Router->dispatch()
#28 /home/drgroupb/public_html/vendor/laravel/framework/src/Illuminate/Pipeline/Pipeline.php(180): Illuminate\\Foundation\\Http\\Kernel->{closure:Illuminate\\Foundation\\Http\\Kernel::dispatchToRouter():197}()
#29 /home/drgroupb/public_html/vendor/laravel/framework/src/Illuminate/Foundation/Http/Middleware/TransformsRequest.php(21): Illuminate\\Pipeline\\Pipeline->{closure:Illuminate\\Pipeline\\Pipeline::prepareDestination():178}()
#30 /home/drgroupb/public_html/vendor/laravel/framework/src/Illuminate/Foundation/Http/Middleware/ConvertEmptyStringsToNull.php(31): Illuminate\\Foundation\\Http\\Middleware\\TransformsRequest->handle()
#31 /home/drgroupb/public_html/vendor/laravel/framework/src/Illuminate/Pipeline/Pipeline.php(219): Illuminate\\Foundation\\Http\\Middleware\\ConvertEmptyStringsToNull->handle()
#32 /home/drgroupb/public_html/vendor/laravel/framework/src/Illuminate/Foundation/Http/Middleware/TransformsRequest.php(21): Illuminate\\Pipeline\\Pipeline->{closure:{closure:Illuminate\\Pipeline\\Pipeline::carry():194}:195}()
#33 /home/drgroupb/public_html/vendor/laravel/framework/src/Illuminate/Foundation/Http/Middleware/TrimStrings.php(51): Illuminate\\Foundation\\Http\\Middleware\\TransformsRequest->handle()
#34 /home/drgroupb/public_html/vendor/laravel/framework/src/Illuminate/Pipeline/Pipeline.php(219): Illuminate\\Foundation\\Http\\Middleware\\TrimStrings->handle()
#35 /home/drgroupb/public_html/vendor/laravel/framework/src/Illuminate/Http/Middleware/ValidatePostSize.php(27): Illuminate\\Pipeline\\Pipeline->{closure:{closure:Illuminate\\Pipeline\\Pipeline::carry():194}:195}()
#36 /home/drgroupb/public_html/vendor/laravel/framework/src/Illuminate/Pipeline/Pipeline.php(219): Illuminate\\Http\\Middleware\\ValidatePostSize->handle()
#37 /home/drgroupb/public_html/vendor/laravel/framework/src/Illuminate/Foundation/Http/Middleware/PreventRequestsDuringMaintenance.php(110): Illuminate\\Pipeline\\Pipeline->{closure:{closure:Illuminate\\Pipeline\\Pipeline::carry():194}:195}()
#38 /home/drgroupb/public_html/vendor/laravel/framework/src/Illuminate/Pipeline/Pipeline.php(219): Illuminate\\Foundation\\Http\\Middleware\\PreventRequestsDuringMaintenance->handle()
#39 /home/drgroupb/public_html/vendor/laravel/framework/src/Illuminate/Http/Middleware/HandleCors.php(61): Illuminate\\Pipeline\\Pipeline->{closure:{closure:Illuminate\\Pipeline\\Pipeline::carry():194}:195}()
#40 /home/drgroupb/public_html/vendor/laravel/framework/src/Illuminate/Pipeline/Pipeline.php(219): Illuminate\\Http\\Middleware\\HandleCors->handle()
#41 /home/drgroupb/public_html/vendor/laravel/framework/src/Illuminate/Http/Middleware/TrustProxies.php(58): Illuminate\\Pipeline\\Pipeline->{closure:{closure:Illuminate\\Pipeline\\Pipeline::carry():194}:195}()
#42 /home/drgroupb/public_html/vendor/laravel/framework/src/Illuminate/Pipeline/Pipeline.php(219): Illuminate\\Http\\Middleware\\TrustProxies->handle()
#43 /home/drgroupb/public_html/vendor/laravel/framework/src/Illuminate/Foundation/Http/Middleware/InvokeDeferredCallbacks.php(22): Illuminate\\Pipeline\\Pipeline->{closure:{closure:Illuminate\\Pipeline\\Pipeline::carry():194}:195}()
#44 /home/drgroupb/public_html/vendor/laravel/framework/src/Illuminate/Pipeline/Pipeline.php(219): Illuminate\\Foundation\\Http\\Middleware\\InvokeDeferredCallbacks->handle()
#45 /home/drgroupb/public_html/vendor/laravel/framework/src/Illuminate/Http/Middleware/ValidatePathEncoding.php(28): Illuminate\\Pipeline\\Pipeline->{closure:{closure:Illuminate\\Pipeline\\Pipeline::carry():194}:195}()
#46 /home/drgroupb/public_html/vendor/laravel/framework/src/Illuminate/Pipeline/Pipeline.php(219): Illuminate\\Http\\Middleware\\ValidatePathEncoding->handle()
#47 /home/drgroupb/public_html/vendor/laravel/framework/src/Illuminate/Pipeline/Pipeline.php(137): Illuminate\\Pipeline\\Pipeline->{closure:{closure:Illuminate\\Pipeline\\Pipeline::carry():194}:195}()
#48 /home/drgroupb/public_html/vendor/laravel/framework/src/Illuminate/Foundation/Http/Kernel.php(175): Illuminate\\Pipeline\\Pipeline->then()
#49 /home/drgroupb/public_html/vendor/laravel/framework/src/Illuminate/Foundation/Http/Kernel.php(144): Illuminate\\Foundation\\Http\\Kernel->sendRequestThroughRouter()
#50 /home/drgroupb/public_html/vendor/laravel/framework/src/Illuminate/Foundation/Application.php(1227): Illuminate\\Foundation\\Http\\Kernel->handle()
#51 /home/drgroupb/public_html/index.php(31): Illuminate\\Foundation\\Application->handleRequest()
#52 {main}
"} 
[2026-09-16 17:03:02] production.ERROR: View [home] not found. {"exception":"[object] (InvalidArgumentException(code: 0): View [home] not found. at /home/drgroupb/public_html/vendor/laravel/framework/src/Illuminate/View/FileViewFinder.php:138)
[stacktrace]
#0 /home/drgroupb/public_html/vendor/laravel/framework/src/Illuminate/View/FileViewFinder.php(78): Illuminate\\View\\FileViewFinder->findInPaths()
#1 /home/drgroupb/public_html/vendor/laravel/framework/src/Illuminate/View/Factory.php(150): Illuminate\\View\\FileViewFinder->find()
#2 /home/drgroupb/public_html/vendor/laravel/framework/src/Illuminate/Foundation/helpers.php(1101): Illuminate\\View\\Factory->make()
#3 /home/drgroupb/public_html/app/Http/Controllers/HomeController.php(27): view()
#4 /home/drgroupb/public_html/vendor/laravel/framework/src/Illuminate/Routing/ControllerDispatcher.php(46): App\\Http\\Controllers\\HomeController->index()
#5 /home/drgroupb/public_html/vendor/laravel/framework/src/Illuminate/Routing/Route.php(276): Illuminate\\Routing\\ControllerDispatcher->dispatch()
#6 /home/drgroupb/public_html/vendor/laravel/framework/src/Illuminate/Routing/Route.php(216): Illuminate\\Routing\\Route->runController()
#7 /home/drgroupb/public_html/vendor/laravel/framework/src/Illuminate/Routing/Router.php(822): Illuminate\\Routing\\Route->run()
#8 /home/drgroupb/public_html/vendor/laravel/framework/src/Illuminate/Pipeline/Pipeline.php(180): Illuminate\\Routing\\Router->{closure:Illuminate\\Routing\\Router::runRouteWithinStack():821}()
#9 /home/drgroupb/public_html/vendor/laravel/framework/src/Illuminate/Routing/Middleware/SubstituteBindings.php(52): Illuminate\\Pipeline\\Pipeline->{closure:Illuminate\\Pipeline\\Pipeline::prepareDestination():178}()
#10 /home/drgroupb/public_html/vendor/laravel/framework/src/Illuminate/Pipeline/Pipeline.php(219): Illuminate\\Routing\\Middleware\\SubstituteBindings->handle()
#11 /home/drgroupb/public_html/vendor/laravel/framework/src/Illuminate/Foundation/Http/Middleware/PreventRequestForgery.php(104): Illuminate\\Pipeline\\Pipeline->{closure:{closure:Illuminate\\Pipeline\\Pipeline::carry():194}:195}()
#12 /home/drgroupb/public_html/vendor/laravel/framework/src/Illuminate/Pipeline/Pipeline.php(219): Illuminate\\Foundation\\Http\\Middleware\\PreventRequestForgery->handle()
#13 /home/drgroupb/public_html/vendor/laravel/framework/src/Illuminate/View/Middleware/ShareErrorsFromSession.php(48): Illuminate\\Pipeline\\Pipeline->{closure:{closure:Illuminate\\Pipeline\\Pipeline::carry():194}:195}()
#14 /home/drgroupb/public_html/vendor/laravel/framework/src/Illuminate/Pipeline/Pipeline.php(219): Illuminate\\View\\Middleware\\ShareErrorsFromSession->handle()
#15 /home/drgroupb/public_html/vendor/laravel/framework/src/Illuminate/Session/Middleware/StartSession.php(120): Illuminate\\Pipeline\\Pipeline->{closure:{closure:Illuminate\\Pipeline\\Pipeline::carry():194}:195}()
#16 /home/drgroupb/public_html/vendor/laravel/framework/src/Illuminate/Session/Middleware/StartSession.php(63): Illuminate\\Session\\Middleware\\StartSession->handleStatefulRequest()
#17 /home/drgroupb/public_html/vendor/laravel/framework/src/Illuminate/Pipeline/Pipeline.php(219): Illuminate\\Session\\Middleware\\StartSession->handle()
#18 /home/drgroupb/public_html/vendor/laravel/framework/src/Illuminate/Cookie/Middleware/AddQueuedCookiesToResponse.php(36): Illuminate\\Pipeline\\Pipeline->{closure:{closure:Illuminate\\Pipeline\\Pipeline::carry():194}:195}()
#19 /home/drgroupb/public_html/vendor/laravel/framework/src/Illuminate/Pipeline/Pipeline.php(219): Illuminate\\Cookie\\Middleware\\AddQueuedCookiesToResponse->handle()
#20 /home/drgroupb/public_html/vendor/laravel/framework/src/Illuminate/Cookie/Middleware/EncryptCookies.php(74): Illuminate\\Pipeline\\Pipeline->{closure:{closure:Illuminate\\Pipeline\\Pipeline::carry():194}:195}()
#21 /home/drgroupb/public_html/vendor/laravel/framework/src/Illuminate/Pipeline/Pipeline.php(219): Illuminate\\Cookie\\Middleware\\EncryptCookies->handle()
#22 /home/drgroupb/public_html/vendor/laravel/framework/src/Illuminate/Pipeline/Pipeline.php(137): Illuminate\\Pipeline\\Pipeline->{closure:{closure:Illuminate\\Pipeline\\Pipeline::carry():194}:195}()
#23 /home/drgroupb/public_html/vendor/laravel/framework/src/Illuminate/Routing/Router.php(821): Illuminate\\Pipeline\\Pipeline->then()
#24 /home/drgroupb/public_html/vendor/laravel/framework/src/Illuminate/Routing/Router.php(800): Illuminate\\Routing\\Router->runRouteWithinStack()
#25 /home/drgroupb/public_html/vendor/laravel/framework/src/Illuminate/Routing/Router.php(764): Illuminate\\Routing\\Router->runRoute()
#26 /home/drgroupb/public_html/vendor/laravel/framework/src/Illuminate/Routing/Router.php(753): Illuminate\\Routing\\Router->dispatchToRoute()
#27 /home/drgroupb/public_html/vendor/laravel/framework/src/Illuminate/Foundation/Http/Kernel.php(200): Illuminate\\Routing\\Router->dispatch()
#28 /home/drgroupb/public_html/vendor/laravel/framework/src/Illuminate/Pipeline/Pipeline.php(180): Illuminate\\Foundation\\Http\\Kernel->{closure:Illuminate\\Foundation\\Http\\Kernel::dispatchToRouter():197}()
#29 /home/drgroupb/public_html/vendor/laravel/framework/src/Illuminate/Foundation/Http/Middleware/TransformsRequest.php(21): Illuminate\\Pipeline\\Pipeline->{closure:Illuminate\\Pipeline\\Pipeline::prepareDestination():178}()
#30 /home/drgroupb/public_html/vendor/laravel/framework/src/Illuminate/Foundation/Http/Middleware/ConvertEmptyStringsToNull.php(31): Illuminate\\Foundation\\Http\\Middleware\\TransformsRequest->handle()
#31 /home/drgroupb/public_html/vendor/laravel/framework/src/Illuminate/Pipeline/Pipeline.php(219): Illuminate\\Foundation\\Http\\Middleware\\ConvertEmptyStringsToNull->handle()
#32 /home/drgroupb/public_html/vendor/laravel/framework/src/Illuminate/Foundation/Http/Middleware/TransformsRequest.php(21): Illuminate\\Pipeline\\Pipeline->{closure:{closure:Illuminate\\Pipeline\\Pipeline::carry():194}:195}()
#33 /home/drgroupb/public_html/vendor/laravel/framework/src/Illuminate/Foundation/Http/Middleware/TrimStrings.php(51): Illuminate\\Foundation\\Http\\Middleware\\TransformsRequest->handle()
#34 /home/drgroupb/public_html/vendor/laravel/framework/src/Illuminate/Pipeline/Pipeline.php(219): Illuminate\\Foundation\\Http\\Middleware\\TrimStrings->handle()
#35 /home/drgroupb/public_html/vendor/laravel/framework/src/Illuminate/Http/Middleware/ValidatePostSize.php(27): Illuminate\\Pipeline\\Pipeline->{closure:{closure:Illuminate\\Pipeline\\Pipeline::carry():194}:195}()
#36 /home/drgroupb/public_html/vendor/laravel/framework/src/Illuminate/Pipeline/Pipeline.php(219): Illuminate\\Http\\Middleware\\ValidatePostSize->handle()
#37 /home/drgroupb/public_html/vendor/laravel/framework/src/Illuminate/Foundation/Http/Middleware/PreventRequestsDuringMaintenance.php(110): Illuminate\\Pipeline\\Pipeline->{closure:{closure:Illuminate\\Pipeline\\Pipeline::carry():194}:195}()
#38 /home/drgroupb/public_html/vendor/laravel/framework/src/Illuminate/Pipeline/Pipeline.php(219): Illuminate\\Foundation\\Http\\Middleware\\PreventRequestsDuringMaintenance->handle()
#39 /home/drgroupb/public_html/vendor/laravel/framework/src/Illuminate/Http/Middleware/HandleCors.php(61): Illuminate\\Pipeline\\Pipeline->{closure:{closure:Illuminate\\Pipeline\\Pipeline::carry():194}:195}()
#40 /home/drgroupb/public_html/vendor/laravel/framework/src/Illuminate/Pipeline/Pipeline.php(219): Illuminate\\Http\\Middleware\\HandleCors->handle()
#41 /home/drgroupb/public_html/vendor/laravel/framework/src/Illuminate/Http/Middleware/TrustProxies.php(58): Illuminate\\Pipeline\\Pipeline->{closure:{closure:Illuminate\\Pipeline\\Pipeline::carry():194}:195}()
#42 /home/drgroupb/public_html/vendor/laravel/framework/src/Illuminate/Pipeline/Pipeline.php(219): Illuminate\\Http\\Middleware\\TrustProxies->handle()
#43 /home/drgroupb/public_html/vendor/laravel/framework/src/Illuminate/Foundation/Http/Middleware/InvokeDeferredCallbacks.php(22): Illuminate\\Pipeline\\Pipeline->{closure:{closure:Illuminate\\Pipeline\\Pipeline::carry():194}:195}()
#44 /home/drgroupb/public_html/vendor/laravel/framework/src/Illuminate/Pipeline/Pipeline.php(219): Illuminate\\Foundation\\Http\\Middleware\\InvokeDeferredCallbacks->handle()
#45 /home/drgroupb/public_html/vendor/laravel/framework/src/Illuminate/Http/Middleware/ValidatePathEncoding.php(28): Illuminate\\Pipeline\\Pipeline->{closure:{closure:Illuminate\\Pipeline\\Pipeline::carry():194}:195}()
#46 /home/drgroupb/public_html/vendor/laravel/framework/src/Illuminate/Pipeline/Pipeline.php(219): Illuminate\\Http\\Middleware\\ValidatePathEncoding->handle()
#47 /home/drgroupb/public_html/vendor/laravel/framework/src/Illuminate/Pipeline/Pipeline.php(137): Illuminate\\Pipeline\\Pipeline->{closure:{closure:Illuminate\\Pipeline\\Pipeline::carry():194}:195}()
#48 /home/drgroupb/public_html/vendor/laravel/framework/src/Illuminate/Foundation/Http/Kernel.php(175): Illuminate\\Pipeline\\Pipeline->then()
#49 /home/drgroupb/public_html/vendor/laravel/framework/src/Illuminate/Foundation/Http/Kernel.php(144): Illuminate\\Foundation\\Http\\Kernel->sendRequestThroughRouter()
#50 /home/drgroupb/public_html/vendor/laravel/framework/src/Illuminate/Foundation/Application.php(1227): Illuminate\\Foundation\\Http\\Kernel->handle()
#51 /home/drgroupb/public_html/index.php(31): Illuminate\\Foundation\\Application->handleRequest()
#52 {main}
"} 
[2026-09-16 17:03:15] production.ERROR: View [home] not found. {"exception":"[object] (InvalidArgumentException(code: 0): View [home] not found. at /home/drgroupb/public_html/vendor/laravel/framework/src/Illuminate/View/FileViewFinder.php:138)
[stacktrace]
#0 /home/drgroupb/public_html/vendor/laravel/framework/src/Illuminate/View/FileViewFinder.php(78): Illuminate\\View\\FileViewFinder->findInPaths()
#1 /home/drgroupb/public_html/vendor/laravel/framework/src/Illuminate/View/Factory.php(150): Illuminate\\View\\FileViewFinder->find()
#2 /home/drgroupb/public_html/vendor/laravel/framework/src/Illuminate/Foundation/helpers.php(1101): Illuminate\\View\\Factory->make()
#3 /home/drgroupb/public_html/app/Http/Controllers/HomeController.php(27): view()
#4 /home/drgroupb/public_html/vendor/laravel/framework/src/Illuminate/Routing/ControllerDispatcher.php(46): App\\Http\\Controllers\\HomeController->index()
#5 /home/drgroupb/public_html/vendor/laravel/framework/src/Illuminate/Routing/Route.php(276): Illuminate\\Routing\\ControllerDispatcher->dispatch()
#6 /home/drgroupb/public_html/vendor/laravel/framework/src/Illuminate/Routing/Route.php(216): Illuminate\\Routing\\Route->runController()
#7 /home/drgroupb/public_html/vendor/laravel/framework/src/Illuminate/Routing/Router.php(822): Illuminate\\Routing\\Route->run()
#8 /home/drgroupb/public_html/vendor/laravel/framework/src/Illuminate/Pipeline/Pipeline.php(180): Illuminate\\Routing\\Router->{closure:Illuminate\\Routing\\Router::runRouteWithinStack():821}()
#9 /home/drgroupb/public_html/vendor/laravel/framework/src/Illuminate/Routing/Middleware/SubstituteBindings.php(52): Illuminate\\Pipeline\\Pipeline->{closure:Illuminate\\Pipeline\\Pipeline::prepareDestination():178}()
#10 /home/drgroupb/public_html/vendor/laravel/framework/src/Illuminate/Pipeline/Pipeline.php(219): Illuminate\\Routing\\Middleware\\SubstituteBindings->handle()
#11 /home/drgroupb/public_html/vendor/laravel/framework/src/Illuminate/Foundation/Http/Middleware/PreventRequestForgery.php(104): Illuminate\\Pipeline\\Pipeline->{closure:{closure:Illuminate\\Pipeline\\Pipeline::carry():194}:195}()
#12 /home/drgroupb/public_html/vendor/laravel/framework/src/Illuminate/Pipeline/Pipeline.php(219): Illuminate\\Foundation\\Http\\Middleware\\PreventRequestForgery->handle()
#13 /home/drgroupb/public_html/vendor/laravel/framework/src/Illuminate/View/Middleware/ShareErrorsFromSession.php(48): Illuminate\\Pipeline\\Pipeline->{closure:{closure:Illuminate\\Pipeline\\Pipeline::carry():194}:195}()
#14 /home/drgroupb/public_html/vendor/laravel/framework/src/Illuminate/Pipeline/Pipeline.php(219): Illuminate\\View\\Middleware\\ShareErrorsFromSession->handle()
#15 /home/drgroupb/public_html/vendor/laravel/framework/src/Illuminate/Session/Middleware/StartSession.php(120): Illuminate\\Pipeline\\Pipeline->{closure:{closure:Illuminate\\Pipeline\\Pipeline::carry():194}:195}()
#16 /home/drgroupb/public_html/vendor/laravel/framework/src/Illuminate/Session/Middleware/StartSession.php(63): Illuminate\\Session\\Middleware\\StartSession->handleStatefulRequest()
#17 /home/drgroupb/public_html/vendor/laravel/framework/src/Illuminate/Pipeline/Pipeline.php(219): Illuminate\\Session\\Middleware\\StartSession->handle()
#18 /home/drgroupb/public_html/vendor/laravel/framework/src/Illuminate/Cookie/Middleware/AddQueuedCookiesToResponse.php(36): Illuminate\\Pipeline\\Pipeline->{closure:{closure:Illuminate\\Pipeline\\Pipeline::carry():194}:195}()
#19 /home/drgroupb/public_html/vendor/laravel/framework/src/Illuminate/Pipeline/Pipeline.php(219): Illuminate\\Cookie\\Middleware\\AddQueuedCookiesToResponse->handle()
#20 /home/drgroupb/public_html/vendor/laravel/framework/src/Illuminate/Cookie/Middleware/EncryptCookies.php(74): Illuminate\\Pipeline\\Pipeline->{closure:{closure:Illuminate\\Pipeline\\Pipeline::carry():194}:195}()
#21 /home/drgroupb/public_html/vendor/laravel/framework/src/Illuminate/Pipeline/Pipeline.php(219): Illuminate\\Cookie\\Middleware\\EncryptCookies->handle()
#22 /home/drgroupb/public_html/vendor/laravel/framework/src/Illuminate/Pipeline/Pipeline.php(137): Illuminate\\Pipeline\\Pipeline->{closure:{closure:Illuminate\\Pipeline\\Pipeline::carry():194}:195}()
#23 /home/drgroupb/public_html/vendor/laravel/framework/src/Illuminate/Routing/Router.php(821): Illuminate\\Pipeline\\Pipeline->then()
#24 /home/drgroupb/public_html/vendor/laravel/framework/src/Illuminate/Routing/Router.php(800): Illuminate\\Routing\\Router->runRouteWithinStack()
#25 /home/drgroupb/public_html/vendor/laravel/framework/src/Illuminate/Routing/Router.php(764): Illuminate\\Routing\\Router->runRoute()
#26 /home/drgroupb/public_html/vendor/laravel/framework/src/Illuminate/Routing/Router.php(753): Illuminate\\Routing\\Router->dispatchToRoute()
#27 /home/drgroupb/public_html/vendor/laravel/framework/src/Illuminate/Foundation/Http/Kernel.php(200): Illuminate\\Routing\\Router->dispatch()
#28 /home/drgroupb/public_html/vendor/laravel/framework/src/Illuminate/Pipeline/Pipeline.php(180): Illuminate\\Foundation\\Http\\Kernel->{closure:Illuminate\\Foundation\\Http\\Kernel::dispatchToRouter():197}()
#29 /home/drgroupb/public_html/vendor/laravel/framework/src/Illuminate/Foundation/Http/Middleware/TransformsRequest.php(21): Illuminate\\Pipeline\\Pipeline->{closure:Illuminate\\Pipeline\\Pipeline::prepareDestination():178}()
#30 /home/drgroupb/public_html/vendor/laravel/framework/src/Illuminate/Foundation/Http/Middleware/ConvertEmptyStringsToNull.php(31): Illuminate\\Foundation\\Http\\Middleware\\TransformsRequest->handle()
#31 /home/drgroupb/public_html/vendor/laravel/framework/src/Illuminate/Pipeline/Pipeline.php(219): Illuminate\\Foundation\\Http\\Middleware\\ConvertEmptyStringsToNull->handle()
#32 /home/drgroupb/public_html/vendor/laravel/framework/src/Illuminate/Foundation/Http/Middleware/TransformsRequest.php(21): Illuminate\\Pipeline\\Pipeline->{closure:{closure:Illuminate\\Pipeline\\Pipeline::carry():194}:195}()
#33 /home/drgroupb/public_html/vendor/laravel/framework/src/Illuminate/Foundation/Http/Middleware/TrimStrings.php(51): Illuminate\\Foundation\\Http\\Middleware\\TransformsRequest->handle()
#34 /home/drgroupb/public_html/vendor/laravel/framework/src/Illuminate/Pipeline/Pipeline.php(219): Illuminate\\Foundation\\Http\\Middleware\\TrimStrings->handle()
#35 /home/drgroupb/public_html/vendor/laravel/framework/src/Illuminate/Http/Middleware/ValidatePostSize.php(27): Illuminate\\Pipeline\\Pipeline->{closure:{closure:Illuminate\\Pipeline\\Pipeline::carry():194}:195}()
#36 /home/drgroupb/public_html/vendor/laravel/framework/src/Illuminate/Pipeline/Pipeline.php(219): Illuminate\\Http\\Middleware\\ValidatePostSize->handle()
#37 /home/drgroupb/public_html/vendor/laravel/framework/src/Illuminate/Foundation/Http/Middleware/PreventRequestsDuringMaintenance.php(110): Illuminate\\Pipeline\\Pipeline->{closure:{closure:Illuminate\\Pipeline\\Pipeline::carry():194}:195}()
#38 /home/drgroupb/public_html/vendor/laravel/framework/src/Illuminate/Pipeline/Pipeline.php(219): Illuminate\\Foundation\\Http\\Middleware\\PreventRequestsDuringMaintenance->handle()
#39 /home/drgroupb/public_html/vendor/laravel/framework/src/Illuminate/Http/Middleware/HandleCors.php(61): Illuminate\\Pipeline\\Pipeline->{closure:{closure:Illuminate\\Pipeline\\Pipeline::carry():194}:195}()
#40 /home/drgroupb/public_html/vendor/laravel/framework/src/Illuminate/Pipeline/Pipeline.php(219): Illuminate\\Http\\Middleware\\HandleCors->handle()
#41 /home/drgroupb/public_html/vendor/laravel/framework/src/Illuminate/Http/Middleware/TrustProxies.php(58): Illuminate\\Pipeline\\Pipeline->{closure:{closure:Illuminate\\Pipeline\\Pipeline::carry():194}:195}()
#42 /home/drgroupb/public_html/vendor/laravel/framework/src/Illuminate/Pipeline/Pipeline.php(219): Illuminate\\Http\\Middleware\\TrustProxies->handle()
#43 /home/drgroupb/public_html/vendor/laravel/framework/src/Illuminate/Foundation/Http/Middleware/InvokeDeferredCallbacks.php(22): Illuminate\\Pipeline\\Pipeline->{closure:{closure:Illuminate\\Pipeline\\Pipeline::carry():194}:195}()
#44 /home/drgroupb/public_html/vendor/laravel/framework/src/Illuminate/Pipeline/Pipeline.php(219): Illuminate\\Foundation\\Http\\Middleware\\InvokeDeferredCallbacks->handle()
#45 /home/drgroupb/public_html/vendor/laravel/framework/src/Illuminate/Http/Middleware/ValidatePathEncoding.php(28): Illuminate\\Pipeline\\Pipeline->{closure:{closure:Illuminate\\Pipeline\\Pipeline::carry():194}:195}()
#46 /home/drgroupb/public_html/vendor/laravel/framework/src/Illuminate/Pipeline/Pipeline.php(219): Illuminate\\Http\\Middleware\\ValidatePathEncoding->handle()
#47 /home/drgroupb/public_html/vendor/laravel/framework/src/Illuminate/Pipeline/Pipeline.php(137): Illuminate\\Pipeline\\Pipeline->{closure:{closure:Illuminate\\Pipeline\\Pipeline::carry():194}:195}()
#48 /home/drgroupb/public_html/vendor/laravel/framework/src/Illuminate/Foundation/Http/Kernel.php(175): Illuminate\\Pipeline\\Pipeline->then()
#49 /home/drgroupb/public_html/vendor/laravel/framework/src/Illuminate/Foundation/Http/Kernel.php(144): Illuminate\\Foundation\\Http\\Kernel->sendRequestThroughRouter()
#50 /home/drgroupb/public_html/vendor/laravel/framework/src/Illuminate/Foundation/Application.php(1227): Illuminate\\Foundation\\Http\\Kernel->handle()
#51 /home/drgroupb/public_html/index.php(31): Illuminate\\Foundation\\Application->handleRequest()
#52 {main}
"} 
[2026-09-16 17:03:17] production.ERROR: View [home] not found. {"exception":"[object] (InvalidArgumentException(code: 0): View [home] not found. at /home/drgroupb/public_html/vendor/laravel/framework/src/Illuminate/View/FileViewFinder.php:138)
[stacktrace]
#0 /home/drgroupb/public_html/vendor/laravel/framework/src/Illuminate/View/FileViewFinder.php(78): Illuminate\\View\\FileViewFinder->findInPaths()
#1 /home/drgroupb/public_html/vendor/laravel/framework/src/Illuminate/View/Factory.php(150): Illuminate\\View\\FileViewFinder->find()
#2 /home/drgroupb/public_html/vendor/laravel/framework/src/Illuminate/Foundation/helpers.php(1101): Illuminate\\View\\Factory->make()
#3 /home/drgroupb/public_html/app/Http/Controllers/HomeController.php(27): view()
#4 /home/drgroupb/public_html/vendor/laravel/framework/src/Illuminate/Routing/ControllerDispatcher.php(46): App\\Http\\Controllers\\HomeController->index()
#5 /home/drgroupb/public_html/vendor/laravel/framework/src/Illuminate/Routing/Route.php(276): Illuminate\\Routing\\ControllerDispatcher->dispatch()
#6 /home/drgroupb/public_html/vendor/laravel/framework/src/Illuminate/Routing/Route.php(216): Illuminate\\Routing\\Route->runController()
#7 /home/drgroupb/public_html/vendor/laravel/framework/src/Illuminate/Routing/Router.php(822): Illuminate\\Routing\\Route->run()
#8 /home/drgroupb/public_html/vendor/laravel/framework/src/Illuminate/Pipeline/Pipeline.php(180): Illuminate\\Routing\\Router->{closure:Illuminate\\Routing\\Router::runRouteWithinStack():821}()
#9 /home/drgroupb/public_html/vendor/laravel/framework/src/Illuminate/Routing/Middleware/SubstituteBindings.php(52): Illuminate\\Pipeline\\Pipeline->{closure:Illuminate\\Pipeline\\Pipeline::prepareDestination():178}()
#10 /home/drgroupb/public_html/vendor/laravel/framework/src/Illuminate/Pipeline/Pipeline.php(219): Illuminate\\Routing\\Middleware\\SubstituteBindings->handle()
#11 /home/drgroupb/public_html/vendor/laravel/framework/src/Illuminate/Foundation/Http/Middleware/PreventRequestForgery.php(104): Illuminate\\Pipeline\\Pipeline->{closure:{closure:Illuminate\\Pipeline\\Pipeline::carry():194}:195}()
#12 /home/drgroupb/public_html/vendor/laravel/framework/src/Illuminate/Pipeline/Pipeline.php(219): Illuminate\\Foundation\\Http\\Middleware\\PreventRequestForgery->handle()
#13 /home/drgroupb/public_html/vendor/laravel/framework/src/Illuminate/View/Middleware/ShareErrorsFromSession.php(48): Illuminate\\Pipeline\\Pipeline->{closure:{closure:Illuminate\\Pipeline\\Pipeline::carry():194}:195}()
#14 /home/drgroupb/public_html/vendor/laravel/framework/src/Illuminate/Pipeline/Pipeline.php(219): Illuminate\\View\\Middleware\\ShareErrorsFromSession->handle()
#15 /home/drgroupb/public_html/vendor/laravel/framework/src/Illuminate/Session/Middleware/StartSession.php(120): Illuminate\\Pipeline\\Pipeline->{closure:{closure:Illuminate\\Pipeline\\Pipeline::carry():194}:195}()
#16 /home/drgroupb/public_html/vendor/laravel/framework/src/Illuminate/Session/Middleware/StartSession.php(63): Illuminate\\Session\\Middleware\\StartSession->handleStatefulRequest()
#17 /home/drgroupb/public_html/vendor/laravel/framework/src/Illuminate/Pipeline/Pipeline.php(219): Illuminate\\Session\\Middleware\\StartSession->handle()
#18 /home/drgroupb/public_html/vendor/laravel/framework/src/Illuminate/Cookie/Middleware/AddQueuedCookiesToResponse.php(36): Illuminate\\Pipeline\\Pipeline->{closure:{closure:Illuminate\\Pipeline\\Pipeline::carry():194}:195}()
#19 /home/drgroupb/public_html/vendor/laravel/framework/src/Illuminate/Pipeline/Pipeline.php(219): Illuminate\\Cookie\\Middleware\\AddQueuedCookiesToResponse->handle()
#20 /home/drgroupb/public_html/vendor/laravel/framework/src/Illuminate/Cookie/Middleware/EncryptCookies.php(74): Illuminate\\Pipeline\\Pipeline->{closure:{closure:Illuminate\\Pipeline\\Pipeline::carry():194}:195}()
#21 /home/drgroupb/public_html/vendor/laravel/framework/src/Illuminate/Pipeline/Pipeline.php(219): Illuminate\\Cookie\\Middleware\\EncryptCookies->handle()
#22 /home/drgroupb/public_html/vendor/laravel/framework/src/Illuminate/Pipeline/Pipeline.php(137): Illuminate\\Pipeline\\Pipeline->{closure:{closure:Illuminate\\Pipeline\\Pipeline::carry():194}:195}()
#23 /home/drgroupb/public_html/vendor/laravel/framework/src/Illuminate/Routing/Router.php(821): Illuminate\\Pipeline\\Pipeline->then()
#24 /home/drgroupb/public_html/vendor/laravel/framework/src/Illuminate/Routing/Router.php(800): Illuminate\\Routing\\Router->runRouteWithinStack()
#25 /home/drgroupb/public_html/vendor/laravel/framework/src/Illuminate/Routing/Router.php(764): Illuminate\\Routing\\Router->runRoute()
#26 /home/drgroupb/public_html/vendor/laravel/framework/src/Illuminate/Routing/Router.php(753): Illuminate\\Routing\\Router->dispatchToRoute()
#27 /home/drgroupb/public_html/vendor/laravel/framework/src/Illuminate/Foundation/Http/Kernel.php(200): Illuminate\\Routing\\Router->dispatch()
#28 /home/drgroupb/public_html/vendor/laravel/framework/src/Illuminate/Pipeline/Pipeline.php(180): Illuminate\\Foundation\\Http\\Kernel->{closure:Illuminate\\Foundation\\Http\\Kernel::dispatchToRouter():197}()
#29 /home/drgroupb/public_html/vendor/laravel/framework/src/Illuminate/Foundation/Http/Middleware/TransformsRequest.php(21): Illuminate\\Pipeline\\Pipeline->{closure:Illuminate\\Pipeline\\Pipeline::prepareDestination():178}()
#30 /home/drgroupb/public_html/vendor/laravel/framework/src/Illuminate/Foundation/Http/Middleware/ConvertEmptyStringsToNull.php(31): Illuminate\\Foundation\\Http\\Middleware\\TransformsRequest->handle()
#31 /home/drgroupb/public_html/vendor/laravel/framework/src/Illuminate/Pipeline/Pipeline.php(219): Illuminate\\Foundation\\Http\\Middleware\\ConvertEmptyStringsToNull->handle()
#32 /home/drgroupb/public_html/vendor/laravel/framework/src/Illuminate/Foundation/Http/Middleware/TransformsRequest.php(21): Illuminate\\Pipeline\\Pipeline->{closure:{closure:Illuminate\\Pipeline\\Pipeline::carry():194}:195}()
#33 /home/drgroupb/public_html/vendor/laravel/framework/src/Illuminate/Foundation/Http/Middleware/TrimStrings.php(51): Illuminate\\Foundation\\Http\\Middleware\\TransformsRequest->handle()
#34 /home/drgroupb/public_html/vendor/laravel/framework/src/Illuminate/Pipeline/Pipeline.php(219): Illuminate\\Foundation\\Http\\Middleware\\TrimStrings->handle()
#35 /home/drgroupb/public_html/vendor/laravel/framework/src/Illuminate/Http/Middleware/ValidatePostSize.php(27): Illuminate\\Pipeline\\Pipeline->{closure:{closure:Illuminate\\Pipeline\\Pipeline::carry():194}:195}()
#36 /home/drgroupb/public_html/vendor/laravel/framework/src/Illuminate/Pipeline/Pipeline.php(219): Illuminate\\Http\\Middleware\\ValidatePostSize->handle()
#37 /home/drgroupb/public_html/vendor/laravel/framework/src/Illuminate/Foundation/Http/Middleware/PreventRequestsDuringMaintenance.php(110): Illuminate\\Pipeline\\Pipeline->{closure:{closure:Illuminate\\Pipeline\\Pipeline::carry():194}:195}()
#38 /home/drgroupb/public_html/vendor/laravel/framework/src/Illuminate/Pipeline/Pipeline.php(219): Illuminate\\Foundation\\Http\\Middleware\\PreventRequestsDuringMaintenance->handle()
#39 /home/drgroupb/public_html/vendor/laravel/framework/src/Illuminate/Http/Middleware/HandleCors.php(61): Illuminate\\Pipeline\\Pipeline->{closure:{closure:Illuminate\\Pipeline\\Pipeline::carry():194}:195}()
#40 /home/drgroupb/public_html/vendor/laravel/framework/src/Illuminate/Pipeline/Pipeline.php(219): Illuminate\\Http\\Middleware\\HandleCors->handle()
#41 /home/drgroupb/public_html/vendor/laravel/framework/src/Illuminate/Http/Middleware/TrustProxies.php(58): Illuminate\\Pipeline\\Pipeline->{closure:{closure:Illuminate\\Pipeline\\Pipeline::carry():194}:195}()
#42 /home/drgroupb/public_html/vendor/laravel/framework/src/Illuminate/Pipeline/Pipeline.php(219): Illuminate\\Http\\Middleware\\TrustProxies->handle()
#43 /home/drgroupb/public_html/vendor/laravel/framework/src/Illuminate/Foundation/Http/Middleware/InvokeDeferredCallbacks.php(22): Illuminate\\Pipeline\\Pipeline->{closure:{closure:Illuminate\\Pipeline\\Pipeline::carry():194}:195}()
#44 /home/drgroupb/public_html/vendor/laravel/framework/src/Illuminate/Pipeline/Pipeline.php(219): Illuminate\\Foundation\\Http\\Middleware\\InvokeDeferredCallbacks->handle()
#45 /home/drgroupb/public_html/vendor/laravel/framework/src/Illuminate/Http/Middleware/ValidatePathEncoding.php(28): Illuminate\\Pipeline\\Pipeline->{closure:{closure:Illuminate\\Pipeline\\Pipeline::carry():194}:195}()
#46 /home/drgroupb/public_html/vendor/laravel/framework/src/Illuminate/Pipeline/Pipeline.php(219): Illuminate\\Http\\Middleware\\ValidatePathEncoding->handle()
#47 /home/drgroupb/public_html/vendor/laravel/framework/src/Illuminate/Pipeline/Pipeline.php(137): Illuminate\\Pipeline\\Pipeline->{closure:{closure:Illuminate\\Pipeline\\Pipeline::carry():194}:195}()
#48 /home/drgroupb/public_html/vendor/laravel/framework/src/Illuminate/Foundation/Http/Kernel.php(175): Illuminate\\Pipeline\\Pipeline->then()
#49 /home/drgroupb/public_html/vendor/laravel/framework/src/Illuminate/Foundation/Http/Kernel.php(144): Illuminate\\Foundation\\Http\\Kernel->sendRequestThroughRouter()
#50 /home/drgroupb/public_html/vendor/laravel/framework/src/Illuminate/Foundation/Application.php(1227): Illuminate\\Foundation\\Http\\Kernel->handle()
#51 /home/drgroupb/public_html/index.php(31): Illuminate\\Foundation\\Application->handleRequest()
#52 {main}
"} 
[2026-09-16 17:06:16] production.ERROR: View [admin.login] not found. {"exception":"[object] (InvalidArgumentException(code: 0): View [admin.login] not found. at /home/drgroupb/public_html/vendor/laravel/framework/src/Illuminate/View/FileViewFinder.php:138)
[stacktrace]
#0 /home/drgroupb/public_html/vendor/laravel/framework/src/Illuminate/View/FileViewFinder.php(78): Illuminate\\View\\FileViewFinder->findInPaths()
#1 /home/drgroupb/public_html/vendor/laravel/framework/src/Illuminate/View/Factory.php(150): Illuminate\\View\\FileViewFinder->find()
#2 /home/drgroupb/public_html/vendor/laravel/framework/src/Illuminate/Foundation/helpers.php(1101): Illuminate\\View\\Factory->make()
#3 /home/drgroupb/public_html/app/Http/Controllers/Admin/AuthController.php(14): view()
#4 /home/drgroupb/public_html/vendor/laravel/framework/src/Illuminate/Routing/ControllerDispatcher.php(46): App\\Http\\Controllers\\Admin\\AuthController->showLoginForm()
#5 /home/drgroupb/public_html/vendor/laravel/framework/src/Illuminate/Routing/Route.php(276): Illuminate\\Routing\\ControllerDispatcher->dispatch()
#6 /home/drgroupb/public_html/vendor/laravel/framework/src/Illuminate/Routing/Route.php(216): Illuminate\\Routing\\Route->runController()
#7 /home/drgroupb/public_html/vendor/laravel/framework/src/Illuminate/Routing/Router.php(822): Illuminate\\Routing\\Route->run()
#8 /home/drgroupb/public_html/vendor/laravel/framework/src/Illuminate/Pipeline/Pipeline.php(180): Illuminate\\Routing\\Router->{closure:Illuminate\\Routing\\Router::runRouteWithinStack():821}()
#9 /home/drgroupb/public_html/app/Http/Middleware/AdminGuest.php(18): Illuminate\\Pipeline\\Pipeline->{closure:Illuminate\\Pipeline\\Pipeline::prepareDestination():178}()
#10 /home/drgroupb/public_html/vendor/laravel/framework/src/Illuminate/Pipeline/Pipeline.php(219): App\\Http\\Middleware\\AdminGuest->handle()
#11 /home/drgroupb/public_html/vendor/laravel/framework/src/Illuminate/Routing/Middleware/SubstituteBindings.php(52): Illuminate\\Pipeline\\Pipeline->{closure:{closure:Illuminate\\Pipeline\\Pipeline::carry():194}:195}()
#12 /home/drgroupb/public_html/vendor/laravel/framework/src/Illuminate/Pipeline/Pipeline.php(219): Illuminate\\Routing\\Middleware\\SubstituteBindings->handle()
#13 /home/drgroupb/public_html/vendor/laravel/framework/src/Illuminate/Foundation/Http/Middleware/PreventRequestForgery.php(104): Illuminate\\Pipeline\\Pipeline->{closure:{closure:Illuminate\\Pipeline\\Pipeline::carry():194}:195}()
#14 /home/drgroupb/public_html/vendor/laravel/framework/src/Illuminate/Pipeline/Pipeline.php(219): Illuminate\\Foundation\\Http\\Middleware\\PreventRequestForgery->handle()
#15 /home/drgroupb/public_html/vendor/laravel/framework/src/Illuminate/View/Middleware/ShareErrorsFromSession.php(48): Illuminate\\Pipeline\\Pipeline->{closure:{closure:Illuminate\\Pipeline\\Pipeline::carry():194}:195}()
#16 /home/drgroupb/public_html/vendor/laravel/framework/src/Illuminate/Pipeline/Pipeline.php(219): Illuminate\\View\\Middleware\\ShareErrorsFromSession->handle()
#17 /home/drgroupb/public_html/vendor/laravel/framework/src/Illuminate/Session/Middleware/StartSession.php(120): Illuminate\\Pipeline\\Pipeline->{closure:{closure:Illuminate\\Pipeline\\Pipeline::carry():194}:195}()
#18 /home/drgroupb/public_html/vendor/laravel/framework/src/Illuminate/Session/Middleware/StartSession.php(63): Illuminate\\Session\\Middleware\\StartSession->handleStatefulRequest()
#19 /home/drgroupb/public_html/vendor/laravel/framework/src/Illuminate/Pipeline/Pipeline.php(219): Illuminate\\Session\\Middleware\\StartSession->handle()
#20 /home/drgroupb/public_html/vendor/laravel/framework/src/Illuminate/Cookie/Middleware/AddQueuedCookiesToResponse.php(36): Illuminate\\Pipeline\\Pipeline->{closure:{closure:Illuminate\\Pipeline\\Pipeline::carry():194}:195}()
#21 /home/drgroupb/public_html/vendor/laravel/framework/src/Illuminate/Pipeline/Pipeline.php(219): Illuminate\\Cookie\\Middleware\\AddQueuedCookiesToResponse->handle()
#22 /home/drgroupb/public_html/vendor/laravel/framework/src/Illuminate/Cookie/Middleware/EncryptCookies.php(74): Illuminate\\Pipeline\\Pipeline->{closure:{closure:Illuminate\\Pipeline\\Pipeline::carry():194}:195}()
#23 /home/drgroupb/public_html/vendor/laravel/framework/src/Illuminate/Pipeline/Pipeline.php(219): Illuminate\\Cookie\\Middleware\\EncryptCookies->handle()
#24 /home/drgroupb/public_html/vendor/laravel/framework/src/Illuminate/Pipeline/Pipeline.php(137): Illuminate\\Pipeline\\Pipeline->{closure:{closure:Illuminate\\Pipeline\\Pipeline::carry():194}:195}()
#25 /home/drgroupb/public_html/vendor/laravel/framework/src/Illuminate/Routing/Router.php(821): Illuminate\\Pipeline\\Pipeline->then()
#26 /home/drgroupb/public_html/vendor/laravel/framework/src/Illuminate/Routing/Router.php(800): Illuminate\\Routing\\Router->runRouteWithinStack()
#27 /home/drgroupb/public_html/vendor/laravel/framework/src/Illuminate/Routing/Router.php(764): Illuminate\\Routing\\Router->runRoute()
#28 /home/drgroupb/public_html/vendor/laravel/framework/src/Illuminate/Routing/Router.php(753): Illuminate\\Routing\\Router->dispatchToRoute()
#29 /home/drgroupb/public_html/vendor/laravel/framework/src/Illuminate/Foundation/Http/Kernel.php(200): Illuminate\\Routing\\Router->dispatch()
#30 /home/drgroupb/public_html/vendor/laravel/framework/src/Illuminate/Pipeline/Pipeline.php(180): Illuminate\\Foundation\\Http\\Kernel->{closure:Illuminate\\Foundation\\Http\\Kernel::dispatchToRouter():197}()
#31 /home/drgroupb/public_html/vendor/laravel/framework/src/Illuminate/Foundation/Http/Middleware/TransformsRequest.php(21): Illuminate\\Pipeline\\Pipeline->{closure:Illuminate\\Pipeline\\Pipeline::prepareDestination():178}()
#32 /home/drgroupb/public_html/vendor/laravel/framework/src/Illuminate/Foundation/Http/Middleware/ConvertEmptyStringsToNull.php(31): Illuminate\\Foundation\\Http\\Middleware\\TransformsRequest->handle()
#33 /home/drgroupb/public_html/vendor/laravel/framework/src/Illuminate/Pipeline/Pipeline.php(219): Illuminate\\Foundation\\Http\\Middleware\\ConvertEmptyStringsToNull->handle()
#34 /home/drgroupb/public_html/vendor/laravel/framework/src/Illuminate/Foundation/Http/Middleware/TransformsRequest.php(21): Illuminate\\Pipeline\\Pipeline->{closure:{closure:Illuminate\\Pipeline\\Pipeline::carry():194}:195}()
#35 /home/drgroupb/public_html/vendor/laravel/framework/src/Illuminate/Foundation/Http/Middleware/TrimStrings.php(51): Illuminate\\Foundation\\Http\\Middleware\\TransformsRequest->handle()
#36 /home/drgroupb/public_html/vendor/laravel/framework/src/Illuminate/Pipeline/Pipeline.php(219): Illuminate\\Foundation\\Http\\Middleware\\TrimStrings->handle()
#37 /home/drgroupb/public_html/vendor/laravel/framework/src/Illuminate/Http/Middleware/ValidatePostSize.php(27): Illuminate\\Pipeline\\Pipeline->{closure:{closure:Illuminate\\Pipeline\\Pipeline::carry():194}:195}()
#38 /home/drgroupb/public_html/vendor/laravel/framework/src/Illuminate/Pipeline/Pipeline.php(219): Illuminate\\Http\\Middleware\\ValidatePostSize->handle()
#39 /home/drgroupb/public_html/vendor/laravel/framework/src/Illuminate/Foundation/Http/Middleware/PreventRequestsDuringMaintenance.php(110): Illuminate\\Pipeline\\Pipeline->{closure:{closure:Illuminate\\Pipeline\\Pipeline::carry():194}:195}()
#40 /home/drgroupb/public_html/vendor/laravel/framework/src/Illuminate/Pipeline/Pipeline.php(219): Illuminate\\Foundation\\Http\\Middleware\\PreventRequestsDuringMaintenance->handle()
#41 /home/drgroupb/public_html/vendor/laravel/framework/src/Illuminate/Http/Middleware/HandleCors.php(61): Illuminate\\Pipeline\\Pipeline->{closure:{closure:Illuminate\\Pipeline\\Pipeline::carry():194}:195}()
#42 /home/drgroupb/public_html/vendor/laravel/framework/src/Illuminate/Pipeline/Pipeline.php(219): Illuminate\\Http\\Middleware\\HandleCors->handle()
#43 /home/drgroupb/public_html/vendor/laravel/framework/src/Illuminate/Http/Middleware/TrustProxies.php(58): Illuminate\\Pipeline\\Pipeline->{closure:{closure:Illuminate\\Pipeline\\Pipeline::carry():194}:195}()
#44 /home/drgroupb/public_html/vendor/laravel/framework/src/Illuminate/Pipeline/Pipeline.php(219): Illuminate\\Http\\Middleware\\TrustProxies->handle()
#45 /home/drgroupb/public_html/vendor/laravel/framework/src/Illuminate/Foundation/Http/Middleware/InvokeDeferredCallbacks.php(22): Illuminate\\Pipeline\\Pipeline->{closure:{closure:Illuminate\\Pipeline\\Pipeline::carry():194}:195}()
#46 /home/drgroupb/public_html/vendor/laravel/framework/src/Illuminate/Pipeline/Pipeline.php(219): Illuminate\\Foundation\\Http\\Middleware\\InvokeDeferredCallbacks->handle()
#47 /home/drgroupb/public_html/vendor/laravel/framework/src/Illuminate/Http/Middleware/ValidatePathEncoding.php(28): Illuminate\\Pipeline\\Pipeline->{closure:{closure:Illuminate\\Pipeline\\Pipeline::carry():194}:195}()
#48 /home/drgroupb/public_html/vendor/laravel/framework/src/Illuminate/Pipeline/Pipeline.php(219): Illuminate\\Http\\Middleware\\ValidatePathEncoding->handle()
#49 /home/drgroupb/public_html/vendor/laravel/framework/src/Illuminate/Pipeline/Pipeline.php(137): Illuminate\\Pipeline\\Pipeline->{closure:{closure:Illuminate\\Pipeline\\Pipeline::carry():194}:195}()
#50 /home/drgroupb/public_html/vendor/laravel/framework/src/Illuminate/Foundation/Http/Kernel.php(175): Illuminate\\Pipeline\\Pipeline->then()
#51 /home/drgroupb/public_html/vendor/laravel/framework/src/Illuminate/Foundation/Http/Kernel.php(144): Illuminate\\Foundation\\Http\\Kernel->sendRequestThroughRouter()
#52 /home/drgroupb/public_html/vendor/laravel/framework/src/Illuminate/Foundation/Application.php(1227): Illuminate\\Foundation\\Http\\Kernel->handle()
#53 /home/drgroupb/public_html/index.php(31): Illuminate\\Foundation\\Application->handleRequest()
#54 {main}
"} 
[2026-09-16 17:09:14] production.ERROR: View [admin.login] not found. {"exception":"[object] (InvalidArgumentException(code: 0): View [admin.login] not found. at /home/drgroupb/public_html/vendor/laravel/framework/src/Illuminate/View/FileViewFinder.php:138)
[stacktrace]
#0 /home/drgroupb/public_html/vendor/laravel/framework/src/Illuminate/View/FileViewFinder.php(78): Illuminate\\View\\FileViewFinder->findInPaths()
#1 /home/drgroupb/public_html/vendor/laravel/framework/src/Illuminate/View/Factory.php(150): Illuminate\\View\\FileViewFinder->find()
#2 /home/drgroupb/public_html/vendor/laravel/framework/src/Illuminate/Foundation/helpers.php(1101): Illuminate\\View\\Factory->make()
#3 /home/drgroupb/public_html/app/Http/Controllers/Admin/AuthController.php(14): view()
#4 /home/drgroupb/public_html/vendor/laravel/framework/src/Illuminate/Routing/ControllerDispatcher.php(46): App\\Http\\Controllers\\Admin\\AuthController->showLoginForm()
#5 /home/drgroupb/public_html/vendor/laravel/framework/src/Illuminate/Routing/Route.php(276): Illuminate\\Routing\\ControllerDispatcher->dispatch()
#6 /home/drgroupb/public_html/vendor/laravel/framework/src/Illuminate/Routing/Route.php(216): Illuminate\\Routing\\Route->runController()
#7 /home/drgroupb/public_html/vendor/laravel/framework/src/Illuminate/Routing/Router.php(822): Illuminate\\Routing\\Route->run()
#8 /home/drgroupb/public_html/vendor/laravel/framework/src/Illuminate/Pipeline/Pipeline.php(180): Illuminate\\Routing\\Router->{closure:Illuminate\\Routing\\Router::runRouteWithinStack():821}()
#9 /home/drgroupb/public_html/app/Http/Middleware/AdminGuest.php(18): Illuminate\\Pipeline\\Pipeline->{closure:Illuminate\\Pipeline\\Pipeline::prepareDestination():178}()
#10 /home/drgroupb/public_html/vendor/laravel/framework/src/Illuminate/Pipeline/Pipeline.php(219): App\\Http\\Middleware\\AdminGuest->handle()
#11 /home/drgroupb/public_html/vendor/laravel/framework/src/Illuminate/Routing/Middleware/SubstituteBindings.php(52): Illuminate\\Pipeline\\Pipeline->{closure:{closure:Illuminate\\Pipeline\\Pipeline::carry():194}:195}()
#12 /home/drgroupb/public_html/vendor/laravel/framework/src/Illuminate/Pipeline/Pipeline.php(219): Illuminate\\Routing\\Middleware\\SubstituteBindings->handle()
#13 /home/drgroupb/public_html/vendor/laravel/framework/src/Illuminate/Foundation/Http/Middleware/PreventRequestForgery.php(104): Illuminate\\Pipeline\\Pipeline->{closure:{closure:Illuminate\\Pipeline\\Pipeline::carry():194}:195}()
#14 /home/drgroupb/public_html/vendor/laravel/framework/src/Illuminate/Pipeline/Pipeline.php(219): Illuminate\\Foundation\\Http\\Middleware\\PreventRequestForgery->handle()
#15 /home/drgroupb/public_html/vendor/laravel/framework/src/Illuminate/View/Middleware/ShareErrorsFromSession.php(48): Illuminate\\Pipeline\\Pipeline->{closure:{closure:Illuminate\\Pipeline\\Pipeline::carry():194}:195}()
#16 /home/drgroupb/public_html/vendor/laravel/framework/src/Illuminate/Pipeline/Pipeline.php(219): Illuminate\\View\\Middleware\\ShareErrorsFromSession->handle()
#17 /home/drgroupb/public_html/vendor/laravel/framework/src/Illuminate/Session/Middleware/StartSession.php(120): Illuminate\\Pipeline\\Pipeline->{closure:{closure:Illuminate\\Pipeline\\Pipeline::carry():194}:195}()
#18 /home/drgroupb/public_html/vendor/laravel/framework/src/Illuminate/Session/Middleware/StartSession.php(63): Illuminate\\Session\\Middleware\\StartSession->handleStatefulRequest()
#19 /home/drgroupb/public_html/vendor/laravel/framework/src/Illuminate/Pipeline/Pipeline.php(219): Illuminate\\Session\\Middleware\\StartSession->handle()
#20 /home/drgroupb/public_html/vendor/laravel/framework/src/Illuminate/Cookie/Middleware/AddQueuedCookiesToResponse.php(36): Illuminate\\Pipeline\\Pipeline->{closure:{closure:Illuminate\\Pipeline\\Pipeline::carry():194}:195}()
#21 /home/drgroupb/public_html/vendor/laravel/framework/src/Illuminate/Pipeline/Pipeline.php(219): Illuminate\\Cookie\\Middleware\\AddQueuedCookiesToResponse->handle()
#22 /home/drgroupb/public_html/vendor/laravel/framework/src/Illuminate/Cookie/Middleware/EncryptCookies.php(74): Illuminate\\Pipeline\\Pipeline->{closure:{closure:Illuminate\\Pipeline\\Pipeline::carry():194}:195}()
#23 /home/drgroupb/public_html/vendor/laravel/framework/src/Illuminate/Pipeline/Pipeline.php(219): Illuminate\\Cookie\\Middleware\\EncryptCookies->handle()
#24 /home/drgroupb/public_html/vendor/laravel/framework/src/Illuminate/Pipeline/Pipeline.php(137): Illuminate\\Pipeline\\Pipeline->{closure:{closure:Illuminate\\Pipeline\\Pipeline::carry():194}:195}()
#25 /home/drgroupb/public_html/vendor/laravel/framework/src/Illuminate/Routing/Router.php(821): Illuminate\\Pipeline\\Pipeline->then()
#26 /home/drgroupb/public_html/vendor/laravel/framework/src/Illuminate/Routing/Router.php(800): Illuminate\\Routing\\Router->runRouteWithinStack()
#27 /home/drgroupb/public_html/vendor/laravel/framework/src/Illuminate/Routing/Router.php(764): Illuminate\\Routing\\Router->runRoute()
#28 /home/drgroupb/public_html/vendor/laravel/framework/src/Illuminate/Routing/Router.php(753): Illuminate\\Routing\\Router->dispatchToRoute()
#29 /home/drgroupb/public_html/vendor/laravel/framework/src/Illuminate/Foundation/Http/Kernel.php(200): Illuminate\\Routing\\Router->dispatch()
#30 /home/drgroupb/public_html/vendor/laravel/framework/src/Illuminate/Pipeline/Pipeline.php(180): Illuminate\\Foundation\\Http\\Kernel->{closure:Illuminate\\Foundation\\Http\\Kernel::dispatchToRouter():197}()
#31 /home/drgroupb/public_html/vendor/laravel/framework/src/Illuminate/Foundation/Http/Middleware/TransformsRequest.php(21): Illuminate\\Pipeline\\Pipeline->{closure:Illuminate\\Pipeline\\Pipeline::prepareDestination():178}()
#32 /home/drgroupb/public_html/vendor/laravel/framework/src/Illuminate/Foundation/Http/Middleware/ConvertEmptyStringsToNull.php(31): Illuminate\\Foundation\\Http\\Middleware\\TransformsRequest->handle()
#33 /home/drgroupb/public_html/vendor/laravel/framework/src/Illuminate/Pipeline/Pipeline.php(219): Illuminate\\Foundation\\Http\\Middleware\\ConvertEmptyStringsToNull->handle()
#34 /home/drgroupb/public_html/vendor/laravel/framework/src/Illuminate/Foundation/Http/Middleware/TransformsRequest.php(21): Illuminate\\Pipeline\\Pipeline->{closure:{closure:Illuminate\\Pipeline\\Pipeline::carry():194}:195}()
#35 /home/drgroupb/public_html/vendor/laravel/framework/src/Illuminate/Foundation/Http/Middleware/TrimStrings.php(51): Illuminate\\Foundation\\Http\\Middleware\\TransformsRequest->handle()
#36 /home/drgroupb/public_html/vendor/laravel/framework/src/Illuminate/Pipeline/Pipeline.php(219): Illuminate\\Foundation\\Http\\Middleware\\TrimStrings->handle()
#37 /home/drgroupb/public_html/vendor/laravel/framework/src/Illuminate/Http/Middleware/ValidatePostSize.php(27): Illuminate\\Pipeline\\Pipeline->{closure:{closure:Illuminate\\Pipeline\\Pipeline::carry():194}:195}()
#38 /home/drgroupb/public_html/vendor/laravel/framework/src/Illuminate/Pipeline/Pipeline.php(219): Illuminate\\Http\\Middleware\\ValidatePostSize->handle()
#39 /home/drgroupb/public_html/vendor/laravel/framework/src/Illuminate/Foundation/Http/Middleware/PreventRequestsDuringMaintenance.php(110): Illuminate\\Pipeline\\Pipeline->{closure:{closure:Illuminate\\Pipeline\\Pipeline::carry():194}:195}()
#40 /home/drgroupb/public_html/vendor/laravel/framework/src/Illuminate/Pipeline/Pipeline.php(219): Illuminate\\Foundation\\Http\\Middleware\\PreventRequestsDuringMaintenance->handle()
#41 /home/drgroupb/public_html/vendor/laravel/framework/src/Illuminate/Http/Middleware/HandleCors.php(61): Illuminate\\Pipeline\\Pipeline->{closure:{closure:Illuminate\\Pipeline\\Pipeline::carry():194}:195}()
#42 /home/drgroupb/public_html/vendor/laravel/framework/src/Illuminate/Pipeline/Pipeline.php(219): Illuminate\\Http\\Middleware\\HandleCors->handle()
#43 /home/drgroupb/public_html/vendor/laravel/framework/src/Illuminate/Http/Middleware/TrustProxies.php(58): Illuminate\\Pipeline\\Pipeline->{closure:{closure:Illuminate\\Pipeline\\Pipeline::carry():194}:195}()
#44 /home/drgroupb/public_html/vendor/laravel/framework/src/Illuminate/Pipeline/Pipeline.php(219): Illuminate\\Http\\Middleware\\TrustProxies->handle()
#45 /home/drgroupb/public_html/vendor/laravel/framework/src/Illuminate/Foundation/Http/Middleware/InvokeDeferredCallbacks.php(22): Illuminate\\Pipeline\\Pipeline->{closure:{closure:Illuminate\\Pipeline\\Pipeline::carry():194}:195}()
#46 /home/drgroupb/public_html/vendor/laravel/framework/src/Illuminate/Pipeline/Pipeline.php(219): Illuminate\\Foundation\\Http\\Middleware\\InvokeDeferredCallbacks->handle()
#47 /home/drgroupb/public_html/vendor/laravel/framework/src/Illuminate/Http/Middleware/ValidatePathEncoding.php(28): Illuminate\\Pipeline\\Pipeline->{closure:{closure:Illuminate\\Pipeline\\Pipeline::carry():194}:195}()
#48 /home/drgroupb/public_html/vendor/laravel/framework/src/Illuminate/Pipeline/Pipeline.php(219): Illuminate\\Http\\Middleware\\ValidatePathEncoding->handle()
#49 /home/drgroupb/public_html/vendor/laravel/framework/src/Illuminate/Pipeline/Pipeline.php(137): Illuminate\\Pipeline\\Pipeline->{closure:{closure:Illuminate\\Pipeline\\Pipeline::carry():194}:195}()
#50 /home/drgroupb/public_html/vendor/laravel/framework/src/Illuminate/Foundation/Http/Kernel.php(175): Illuminate\\Pipeline\\Pipeline->then()
#51 /home/drgroupb/public_html/vendor/laravel/framework/src/Illuminate/Foundation/Http/Kernel.php(144): Illuminate\\Foundation\\Http\\Kernel->sendRequestThroughRouter()
#52 /home/drgroupb/public_html/vendor/laravel/framework/src/Illuminate/Foundation/Application.php(1227): Illuminate\\Foundation\\Http\\Kernel->handle()
#53 /home/drgroupb/public_html/index.php(31): Illuminate\\Foundation\\Application->handleRequest()
#54 {main}
"} 
[2026-09-16 17:09:16] production.ERROR: View [admin.login] not found. {"exception":"[object] (InvalidArgumentException(code: 0): View [admin.login] not found. at /home/drgroupb/public_html/vendor/laravel/framework/src/Illuminate/View/FileViewFinder.php:138)
[stacktrace]
#0 /home/drgroupb/public_html/vendor/laravel/framework/src/Illuminate/View/FileViewFinder.php(78): Illuminate\\View\\FileViewFinder->findInPaths()
#1 /home/drgroupb/public_html/vendor/laravel/framework/src/Illuminate/View/Factory.php(150): Illuminate\\View\\FileViewFinder->find()
#2 /home/drgroupb/public_html/vendor/laravel/framework/src/Illuminate/Foundation/helpers.php(1101): Illuminate\\View\\Factory->make()
#3 /home/drgroupb/public_html/app/Http/Controllers/Admin/AuthController.php(14): view()
#4 /home/drgroupb/public_html/vendor/laravel/framework/src/Illuminate/Routing/ControllerDispatcher.php(46): App\\Http\\Controllers\\Admin\\AuthController->showLoginForm()
#5 /home/drgroupb/public_html/vendor/laravel/framework/src/Illuminate/Routing/Route.php(276): Illuminate\\Routing\\ControllerDispatcher->dispatch()
#6 /home/drgroupb/public_html/vendor/laravel/framework/src/Illuminate/Routing/Route.php(216): Illuminate\\Routing\\Route->runController()
#7 /home/drgroupb/public_html/vendor/laravel/framework/src/Illuminate/Routing/Router.php(822): Illuminate\\Routing\\Route->run()
#8 /home/drgroupb/public_html/vendor/laravel/framework/src/Illuminate/Pipeline/Pipeline.php(180): Illuminate\\Routing\\Router->{closure:Illuminate\\Routing\\Router::runRouteWithinStack():821}()
#9 /home/drgroupb/public_html/app/Http/Middleware/AdminGuest.php(18): Illuminate\\Pipeline\\Pipeline->{closure:Illuminate\\Pipeline\\Pipeline::prepareDestination():178}()
#10 /home/drgroupb/public_html/vendor/laravel/framework/src/Illuminate/Pipeline/Pipeline.php(219): App\\Http\\Middleware\\AdminGuest->handle()
#11 /home/drgroupb/public_html/vendor/laravel/framework/src/Illuminate/Routing/Middleware/SubstituteBindings.php(52): Illuminate\\Pipeline\\Pipeline->{closure:{closure:Illuminate\\Pipeline\\Pipeline::carry():194}:195}()
#12 /home/drgroupb/public_html/vendor/laravel/framework/src/Illuminate/Pipeline/Pipeline.php(219): Illuminate\\Routing\\Middleware\\SubstituteBindings->handle()
#13 /home/drgroupb/public_html/vendor/laravel/framework/src/Illuminate/Foundation/Http/Middleware/PreventRequestForgery.php(104): Illuminate\\Pipeline\\Pipeline->{closure:{closure:Illuminate\\Pipeline\\Pipeline::carry():194}:195}()
#14 /home/drgroupb/public_html/vendor/laravel/framework/src/Illuminate/Pipeline/Pipeline.php(219): Illuminate\\Foundation\\Http\\Middleware\\PreventRequestForgery->handle()
#15 /home/drgroupb/public_html/vendor/laravel/framework/src/Illuminate/View/Middleware/ShareErrorsFromSession.php(48): Illuminate\\Pipeline\\Pipeline->{closure:{closure:Illuminate\\Pipeline\\Pipeline::carry():194}:195}()
#16 /home/drgroupb/public_html/vendor/laravel/framework/src/Illuminate/Pipeline/Pipeline.php(219): Illuminate\\View\\Middleware\\ShareErrorsFromSession->handle()
#17 /home/drgroupb/public_html/vendor/laravel/framework/src/Illuminate/Session/Middleware/StartSession.php(120): Illuminate\\Pipeline\\Pipeline->{closure:{closure:Illuminate\\Pipeline\\Pipeline::carry():194}:195}()
#18 /home/drgroupb/public_html/vendor/laravel/framework/src/Illuminate/Session/Middleware/StartSession.php(63): Illuminate\\Session\\Middleware\\StartSession->handleStatefulRequest()
#19 /home/drgroupb/public_html/vendor/laravel/framework/src/Illuminate/Pipeline/Pipeline.php(219): Illuminate\\Session\\Middleware\\StartSession->handle()
#20 /home/drgroupb/public_html/vendor/laravel/framework/src/Illuminate/Cookie/Middleware/AddQueuedCookiesToResponse.php(36): Illuminate\\Pipeline\\Pipeline->{closure:{closure:Illuminate\\Pipeline\\Pipeline::carry():194}:195}()
#21 /home/drgroupb/public_html/vendor/laravel/framework/src/Illuminate/Pipeline/Pipeline.php(219): Illuminate\\Cookie\\Middleware\\AddQueuedCookiesToResponse->handle()
#22 /home/drgroupb/public_html/vendor/laravel/framework/src/Illuminate/Cookie/Middleware/EncryptCookies.php(74): Illuminate\\Pipeline\\Pipeline->{closure:{closure:Illuminate\\Pipeline\\Pipeline::carry():194}:195}()
#23 /home/drgroupb/public_html/vendor/laravel/framework/src/Illuminate/Pipeline/Pipeline.php(219): Illuminate\\Cookie\\Middleware\\EncryptCookies->handle()
#24 /home/drgroupb/public_html/vendor/laravel/framework/src/Illuminate/Pipeline/Pipeline.php(137): Illuminate\\Pipeline\\Pipeline->{closure:{closure:Illuminate\\Pipeline\\Pipeline::carry():194}:195}()
#25 /home/drgroupb/public_html/vendor/laravel/framework/src/Illuminate/Routing/Router.php(821): Illuminate\\Pipeline\\Pipeline->then()
#26 /home/drgroupb/public_html/vendor/laravel/framework/src/Illuminate/Routing/Router.php(800): Illuminate\\Routing\\Router->runRouteWithinStack()
#27 /home/drgroupb/public_html/vendor/laravel/framework/src/Illuminate/Routing/Router.php(764): Illuminate\\Routing\\Router->runRoute()
#28 /home/drgroupb/public_html/vendor/laravel/framework/src/Illuminate/Routing/Router.php(753): Illuminate\\Routing\\Router->dispatchToRoute()
#29 /home/drgroupb/public_html/vendor/laravel/framework/src/Illuminate/Foundation/Http/Kernel.php(200): Illuminate\\Routing\\Router->dispatch()
#30 /home/drgroupb/public_html/vendor/laravel/framework/src/Illuminate/Pipeline/Pipeline.php(180): Illuminate\\Foundation\\Http\\Kernel->{closure:Illuminate\\Foundation\\Http\\Kernel::dispatchToRouter():197}()
#31 /home/drgroupb/public_html/vendor/laravel/framework/src/Illuminate/Foundation/Http/Middleware/TransformsRequest.php(21): Illuminate\\Pipeline\\Pipeline->{closure:Illuminate\\Pipeline\\Pipeline::prepareDestination():178}()
#32 /home/drgroupb/public_html/vendor/laravel/framework/src/Illuminate/Foundation/Http/Middleware/ConvertEmptyStringsToNull.php(31): Illuminate\\Foundation\\Http\\Middleware\\TransformsRequest->handle()
#33 /home/drgroupb/public_html/vendor/laravel/framework/src/Illuminate/Pipeline/Pipeline.php(219): Illuminate\\Foundation\\Http\\Middleware\\ConvertEmptyStringsToNull->handle()
#34 /home/drgroupb/public_html/vendor/laravel/framework/src/Illuminate/Foundation/Http/Middleware/TransformsRequest.php(21): Illuminate\\Pipeline\\Pipeline->{closure:{closure:Illuminate\\Pipeline\\Pipeline::carry():194}:195}()
#35 /home/drgroupb/public_html/vendor/laravel/framework/src/Illuminate/Foundation/Http/Middleware/TrimStrings.php(51): Illuminate\\Foundation\\Http\\Middleware\\TransformsRequest->handle()
#36 /home/drgroupb/public_html/vendor/laravel/framework/src/Illuminate/Pipeline/Pipeline.php(219): Illuminate\\Foundation\\Http\\Middleware\\TrimStrings->handle()
#37 /home/drgroupb/public_html/vendor/laravel/framework/src/Illuminate/Http/Middleware/ValidatePostSize.php(27): Illuminate\\Pipeline\\Pipeline->{closure:{closure:Illuminate\\Pipeline\\Pipeline::carry():194}:195}()
#38 /home/drgroupb/public_html/vendor/laravel/framework/src/Illuminate/Pipeline/Pipeline.php(219): Illuminate\\Http\\Middleware\\ValidatePostSize->handle()
#39 /home/drgroupb/public_html/vendor/laravel/framework/src/Illuminate/Foundation/Http/Middleware/PreventRequestsDuringMaintenance.php(110): Illuminate\\Pipeline\\Pipeline->{closure:{closure:Illuminate\\Pipeline\\Pipeline::carry():194}:195}()
#40 /home/drgroupb/public_html/vendor/laravel/framework/src/Illuminate/Pipeline/Pipeline.php(219): Illuminate\\Foundation\\Http\\Middleware\\PreventRequestsDuringMaintenance->handle()
#41 /home/drgroupb/public_html/vendor/laravel/framework/src/Illuminate/Http/Middleware/HandleCors.php(61): Illuminate\\Pipeline\\Pipeline->{closure:{closure:Illuminate\\Pipeline\\Pipeline::carry():194}:195}()
#42 /home/drgroupb/public_html/vendor/laravel/framework/src/Illuminate/Pipeline/Pipeline.php(219): Illuminate\\Http\\Middleware\\HandleCors->handle()
#43 /home/drgroupb/public_html/vendor/laravel/framework/src/Illuminate/Http/Middleware/TrustProxies.php(58): Illuminate\\Pipeline\\Pipeline->{closure:{closure:Illuminate\\Pipeline\\Pipeline::carry():194}:195}()
#44 /home/drgroupb/public_html/vendor/laravel/framework/src/Illuminate/Pipeline/Pipeline.php(219): Illuminate\\Http\\Middleware\\TrustProxies->handle()
#45 /home/drgroupb/public_html/vendor/laravel/framework/src/Illuminate/Foundation/Http/Middleware/InvokeDeferredCallbacks.php(22): Illuminate\\Pipeline\\Pipeline->{closure:{closure:Illuminate\\Pipeline\\Pipeline::carry():194}:195}()
#46 /home/drgroupb/public_html/vendor/laravel/framework/src/Illuminate/Pipeline/Pipeline.php(219): Illuminate\\Foundation\\Http\\Middleware\\InvokeDeferredCallbacks->handle()
#47 /home/drgroupb/public_html/vendor/laravel/framework/src/Illuminate/Http/Middleware/ValidatePathEncoding.php(28): Illuminate\\Pipeline\\Pipeline->{closure:{closure:Illuminate\\Pipeline\\Pipeline::carry():194}:195}()
#48 /home/drgroupb/public_html/vendor/laravel/framework/src/Illuminate/Pipeline/Pipeline.php(219): Illuminate\\Http\\Middleware\\ValidatePathEncoding->handle()
#49 /home/drgroupb/public_html/vendor/laravel/framework/src/Illuminate/Pipeline/Pipeline.php(137): Illuminate\\Pipeline\\Pipeline->{closure:{closure:Illuminate\\Pipeline\\Pipeline::carry():194}:195}()
#50 /home/drgroupb/public_html/vendor/laravel/framework/src/Illuminate/Foundation/Http/Kernel.php(175): Illuminate\\Pipeline\\Pipeline->then()
#51 /home/drgroupb/public_html/vendor/laravel/framework/src/Illuminate/Foundation/Http/Kernel.php(144): Illuminate\\Foundation\\Http\\Kernel->sendRequestThroughRouter()
#52 /home/drgroupb/public_html/vendor/laravel/framework/src/Illuminate/Foundation/Application.php(1227): Illuminate\\Foundation\\Http\\Kernel->handle()
#53 /home/drgroupb/public_html/index.php(31): Illuminate\\Foundation\\Application->handleRequest()
#54 {main}
"} 
[2026-09-16 17:09:17] production.ERROR: View [admin.login] not found. {"exception":"[object] (InvalidArgumentException(code: 0): View [admin.login] not found. at /home/drgroupb/public_html/vendor/laravel/framework/src/Illuminate/View/FileViewFinder.php:138)
[stacktrace]
#0 /home/drgroupb/public_html/vendor/laravel/framework/src/Illuminate/View/FileViewFinder.php(78): Illuminate\\View\\FileViewFinder->findInPaths()
#1 /home/drgroupb/public_html/vendor/laravel/framework/src/Illuminate/View/Factory.php(150): Illuminate\\View\\FileViewFinder->find()
#2 /home/drgroupb/public_html/vendor/laravel/framework/src/Illuminate/Foundation/helpers.php(1101): Illuminate\\View\\Factory->make()
#3 /home/drgroupb/public_html/app/Http/Controllers/Admin/AuthController.php(14): view()
#4 /home/drgroupb/public_html/vendor/laravel/framework/src/Illuminate/Routing/ControllerDispatcher.php(46): App\\Http\\Controllers\\Admin\\AuthController->showLoginForm()
#5 /home/drgroupb/public_html/vendor/laravel/framework/src/Illuminate/Routing/Route.php(276): Illuminate\\Routing\\ControllerDispatcher->dispatch()
#6 /home/drgroupb/public_html/vendor/laravel/framework/src/Illuminate/Routing/Route.php(216): Illuminate\\Routing\\Route->runController()
#7 /home/drgroupb/public_html/vendor/laravel/framework/src/Illuminate/Routing/Router.php(822): Illuminate\\Routing\\Route->run()
#8 /home/drgroupb/public_html/vendor/laravel/framework/src/Illuminate/Pipeline/Pipeline.php(180): Illuminate\\Routing\\Router->{closure:Illuminate\\Routing\\Router::runRouteWithinStack():821}()
#9 /home/drgroupb/public_html/app/Http/Middleware/AdminGuest.php(18): Illuminate\\Pipeline\\Pipeline->{closure:Illuminate\\Pipeline\\Pipeline::prepareDestination():178}()
#10 /home/drgroupb/public_html/vendor/laravel/framework/src/Illuminate/Pipeline/Pipeline.php(219): App\\Http\\Middleware\\AdminGuest->handle()
#11 /home/drgroupb/public_html/vendor/laravel/framework/src/Illuminate/Routing/Middleware/SubstituteBindings.php(52): Illuminate\\Pipeline\\Pipeline->{closure:{closure:Illuminate\\Pipeline\\Pipeline::carry():194}:195}()
#12 /home/drgroupb/public_html/vendor/laravel/framework/src/Illuminate/Pipeline/Pipeline.php(219): Illuminate\\Routing\\Middleware\\SubstituteBindings->handle()
#13 /home/drgroupb/public_html/vendor/laravel/framework/src/Illuminate/Foundation/Http/Middleware/PreventRequestForgery.php(104): Illuminate\\Pipeline\\Pipeline->{closure:{closure:Illuminate\\Pipeline\\Pipeline::carry():194}:195}()
#14 /home/drgroupb/public_html/vendor/laravel/framework/src/Illuminate/Pipeline/Pipeline.php(219): Illuminate\\Foundation\\Http\\Middleware\\PreventRequestForgery->handle()
#15 /home/drgroupb/public_html/vendor/laravel/framework/src/Illuminate/View/Middleware/ShareErrorsFromSession.php(48): Illuminate\\Pipeline\\Pipeline->{closure:{closure:Illuminate\\Pipeline\\Pipeline::carry():194}:195}()
#16 /home/drgroupb/public_html/vendor/laravel/framework/src/Illuminate/Pipeline/Pipeline.php(219): Illuminate\\View\\Middleware\\ShareErrorsFromSession->handle()
#17 /home/drgroupb/public_html/vendor/laravel/framework/src/Illuminate/Session/Middleware/StartSession.php(120): Illuminate\\Pipeline\\Pipeline->{closure:{closure:Illuminate\\Pipeline\\Pipeline::carry():194}:195}()
#18 /home/drgroupb/public_html/vendor/laravel/framework/src/Illuminate/Session/Middleware/StartSession.php(63): Illuminate\\Session\\Middleware\\StartSession->handleStatefulRequest()
#19 /home/drgroupb/public_html/vendor/laravel/framework/src/Illuminate/Pipeline/Pipeline.php(219): Illuminate\\Session\\Middleware\\StartSession->handle()
#20 /home/drgroupb/public_html/vendor/laravel/framework/src/Illuminate/Cookie/Middleware/AddQueuedCookiesToResponse.php(36): Illuminate\\Pipeline\\Pipeline->{closure:{closure:Illuminate\\Pipeline\\Pipeline::carry():194}:195}()
#21 /home/drgroupb/public_html/vendor/laravel/framework/src/Illuminate/Pipeline/Pipeline.php(219): Illuminate\\Cookie\\Middleware\\AddQueuedCookiesToResponse->handle()
#22 /home/drgroupb/public_html/vendor/laravel/framework/src/Illuminate/Cookie/Middleware/EncryptCookies.php(74): Illuminate\\Pipeline\\Pipeline->{closure:{closure:Illuminate\\Pipeline\\Pipeline::carry():194}:195}()
#23 /home/drgroupb/public_html/vendor/laravel/framework/src/Illuminate/Pipeline/Pipeline.php(219): Illuminate\\Cookie\\Middleware\\EncryptCookies->handle()
#24 /home/drgroupb/public_html/vendor/laravel/framework/src/Illuminate/Pipeline/Pipeline.php(137): Illuminate\\Pipeline\\Pipeline->{closure:{closure:Illuminate\\Pipeline\\Pipeline::carry():194}:195}()
#25 /home/drgroupb/public_html/vendor/laravel/framework/src/Illuminate/Routing/Router.php(821): Illuminate\\Pipeline\\Pipeline->then()
#26 /home/drgroupb/public_html/vendor/laravel/framework/src/Illuminate/Routing/Router.php(800): Illuminate\\Routing\\Router->runRouteWithinStack()
#27 /home/drgroupb/public_html/vendor/laravel/framework/src/Illuminate/Routing/Router.php(764): Illuminate\\Routing\\Router->runRoute()
#28 /home/drgroupb/public_html/vendor/laravel/framework/src/Illuminate/Routing/Router.php(753): Illuminate\\Routing\\Router->dispatchToRoute()
#29 /home/drgroupb/public_html/vendor/laravel/framework/src/Illuminate/Foundation/Http/Kernel.php(200): Illuminate\\Routing\\Router->dispatch()
#30 /home/drgroupb/public_html/vendor/laravel/framework/src/Illuminate/Pipeline/Pipeline.php(180): Illuminate\\Foundation\\Http\\Kernel->{closure:Illuminate\\Foundation\\Http\\Kernel::dispatchToRouter():197}()
#31 /home/drgroupb/public_html/vendor/laravel/framework/src/Illuminate/Foundation/Http/Middleware/TransformsRequest.php(21): Illuminate\\Pipeline\\Pipeline->{closure:Illuminate\\Pipeline\\Pipeline::prepareDestination():178}()
#32 /home/drgroupb/public_html/vendor/laravel/framework/src/Illuminate/Foundation/Http/Middleware/ConvertEmptyStringsToNull.php(31): Illuminate\\Foundation\\Http\\Middleware\\TransformsRequest->handle()
#33 /home/drgroupb/public_html/vendor/laravel/framework/src/Illuminate/Pipeline/Pipeline.php(219): Illuminate\\Foundation\\Http\\Middleware\\ConvertEmptyStringsToNull->handle()
#34 /home/drgroupb/public_html/vendor/laravel/framework/src/Illuminate/Foundation/Http/Middleware/TransformsRequest.php(21): Illuminate\\Pipeline\\Pipeline->{closure:{closure:Illuminate\\Pipeline\\Pipeline::carry():194}:195}()
#35 /home/drgroupb/public_html/vendor/laravel/framework/src/Illuminate/Foundation/Http/Middleware/TrimStrings.php(51): Illuminate\\Foundation\\Http\\Middleware\\TransformsRequest->handle()
#36 /home/drgroupb/public_html/vendor/laravel/framework/src/Illuminate/Pipeline/Pipeline.php(219): Illuminate\\Foundation\\Http\\Middleware\\TrimStrings->handle()
#37 /home/drgroupb/public_html/vendor/laravel/framework/src/Illuminate/Http/Middleware/ValidatePostSize.php(27): Illuminate\\Pipeline\\Pipeline->{closure:{closure:Illuminate\\Pipeline\\Pipeline::carry():194}:195}()
#38 /home/drgroupb/public_html/vendor/laravel/framework/src/Illuminate/Pipeline/Pipeline.php(219): Illuminate\\Http\\Middleware\\ValidatePostSize->handle()
#39 /home/drgroupb/public_html/vendor/laravel/framework/src/Illuminate/Foundation/Http/Middleware/PreventRequestsDuringMaintenance.php(110): Illuminate\\Pipeline\\Pipeline->{closure:{closure:Illuminate\\Pipeline\\Pipeline::carry():194}:195}()
#40 /home/drgroupb/public_html/vendor/laravel/framework/src/Illuminate/Pipeline/Pipeline.php(219): Illuminate\\Foundation\\Http\\Middleware\\PreventRequestsDuringMaintenance->handle()
#41 /home/drgroupb/public_html/vendor/laravel/framework/src/Illuminate/Http/Middleware/HandleCors.php(61): Illuminate\\Pipeline\\Pipeline->{closure:{closure:Illuminate\\Pipeline\\Pipeline::carry():194}:195}()
#42 /home/drgroupb/public_html/vendor/laravel/framework/src/Illuminate/Pipeline/Pipeline.php(219): Illuminate\\Http\\Middleware\\HandleCors->handle()
#43 /home/drgroupb/public_html/vendor/laravel/framework/src/Illuminate/Http/Middleware/TrustProxies.php(58): Illuminate\\Pipeline\\Pipeline->{closure:{closure:Illuminate\\Pipeline\\Pipeline::carry():194}:195}()
#44 /home/drgroupb/public_html/vendor/laravel/framework/src/Illuminate/Pipeline/Pipeline.php(219): Illuminate\\Http\\Middleware\\TrustProxies->handle()
#45 /home/drgroupb/public_html/vendor/laravel/framework/src/Illuminate/Foundation/Http/Middleware/InvokeDeferredCallbacks.php(22): Illuminate\\Pipeline\\Pipeline->{closure:{closure:Illuminate\\Pipeline\\Pipeline::carry():194}:195}()
#46 /home/drgroupb/public_html/vendor/laravel/framework/src/Illuminate/Pipeline/Pipeline.php(219): Illuminate\\Foundation\\Http\\Middleware\\InvokeDeferredCallbacks->handle()
#47 /home/drgroupb/public_html/vendor/laravel/framework/src/Illuminate/Http/Middleware/ValidatePathEncoding.php(28): Illuminate\\Pipeline\\Pipeline->{closure:{closure:Illuminate\\Pipeline\\Pipeline::carry():194}:195}()
#48 /home/drgroupb/public_html/vendor/laravel/framework/src/Illuminate/Pipeline/Pipeline.php(219): Illuminate\\Http\\Middleware\\ValidatePathEncoding->handle()
#49 /home/drgroupb/public_html/vendor/laravel/framework/src/Illuminate/Pipeline/Pipeline.php(137): Illuminate\\Pipeline\\Pipeline->{closure:{closure:Illuminate\\Pipeline\\Pipeline::carry():194}:195}()
#50 /home/drgroupb/public_html/vendor/laravel/framework/src/Illuminate/Foundation/Http/Kernel.php(175): Illuminate\\Pipeline\\Pipeline->then()
#51 /home/drgroupb/public_html/vendor/laravel/framework/src/Illuminate/Foundation/Http/Kernel.php(144): Illuminate\\Foundation\\Http\\Kernel->sendRequestThroughRouter()
#52 /home/drgroupb/public_html/vendor/laravel/framework/src/Illuminate/Foundation/Application.php(1227): Illuminate\\Foundation\\Http\\Kernel->handle()
#53 /home/drgroupb/public_html/index.php(31): Illuminate\\Foundation\\Application->handleRequest()
#54 {main}
"} 
[2026-09-16 17:09:29] production.ERROR: View [admin.login] not found. {"exception":"[object] (InvalidArgumentException(code: 0): View [admin.login] not found. at /home/drgroupb/public_html/vendor/laravel/framework/src/Illuminate/View/FileViewFinder.php:138)
[stacktrace]
#0 /home/drgroupb/public_html/vendor/laravel/framework/src/Illuminate/View/FileViewFinder.php(78): Illuminate\\View\\FileViewFinder->findInPaths()
#1 /home/drgroupb/public_html/vendor/laravel/framework/src/Illuminate/View/Factory.php(150): Illuminate\\View\\FileViewFinder->find()
#2 /home/drgroupb/public_html/vendor/laravel/framework/src/Illuminate/Foundation/helpers.php(1101): Illuminate\\View\\Factory->make()
#3 /home/drgroupb/public_html/app/Http/Controllers/Admin/AuthController.php(14): view()
#4 /home/drgroupb/public_html/vendor/laravel/framework/src/Illuminate/Routing/ControllerDispatcher.php(46): App\\Http\\Controllers\\Admin\\AuthController->showLoginForm()
#5 /home/drgroupb/public_html/vendor/laravel/framework/src/Illuminate/Routing/Route.php(276): Illuminate\\Routing\\ControllerDispatcher->dispatch()
#6 /home/drgroupb/public_html/vendor/laravel/framework/src/Illuminate/Routing/Route.php(216): Illuminate\\Routing\\Route->runController()
#7 /home/drgroupb/public_html/vendor/laravel/framework/src/Illuminate/Routing/Router.php(822): Illuminate\\Routing\\Route->run()
#8 /home/drgroupb/public_html/vendor/laravel/framework/src/Illuminate/Pipeline/Pipeline.php(180): Illuminate\\Routing\\Router->{closure:Illuminate\\Routing\\Router::runRouteWithinStack():821}()
#9 /home/drgroupb/public_html/app/Http/Middleware/AdminGuest.php(18): Illuminate\\Pipeline\\Pipeline->{closure:Illuminate\\Pipeline\\Pipeline::prepareDestination():178}()
#10 /home/drgroupb/public_html/vendor/laravel/framework/src/Illuminate/Pipeline/Pipeline.php(219): App\\Http\\Middleware\\AdminGuest->handle()
#11 /home/drgroupb/public_html/vendor/laravel/framework/src/Illuminate/Routing/Middleware/SubstituteBindings.php(52): Illuminate\\Pipeline\\Pipeline->{closure:{closure:Illuminate\\Pipeline\\Pipeline::carry():194}:195}()
#12 /home/drgroupb/public_html/vendor/laravel/framework/src/Illuminate/Pipeline/Pipeline.php(219): Illuminate\\Routing\\Middleware\\SubstituteBindings->handle()
#13 /home/drgroupb/public_html/vendor/laravel/framework/src/Illuminate/Foundation/Http/Middleware/PreventRequestForgery.php(104): Illuminate\\Pipeline\\Pipeline->{closure:{closure:Illuminate\\Pipeline\\Pipeline::carry():194}:195}()
#14 /home/drgroupb/public_html/vendor/laravel/framework/src/Illuminate/Pipeline/Pipeline.php(219): Illuminate\\Foundation\\Http\\Middleware\\PreventRequestForgery->handle()
#15 /home/drgroupb/public_html/vendor/laravel/framework/src/Illuminate/View/Middleware/ShareErrorsFromSession.php(48): Illuminate\\Pipeline\\Pipeline->{closure:{closure:Illuminate\\Pipeline\\Pipeline::carry():194}:195}()
#16 /home/drgroupb/public_html/vendor/laravel/framework/src/Illuminate/Pipeline/Pipeline.php(219): Illuminate\\View\\Middleware\\ShareErrorsFromSession->handle()
#17 /home/drgroupb/public_html/vendor/laravel/framework/src/Illuminate/Session/Middleware/StartSession.php(120): Illuminate\\Pipeline\\Pipeline->{closure:{closure:Illuminate\\Pipeline\\Pipeline::carry():194}:195}()
#18 /home/drgroupb/public_html/vendor/laravel/framework/src/Illuminate/Session/Middleware/StartSession.php(63): Illuminate\\Session\\Middleware\\StartSession->handleStatefulRequest()
#19 /home/drgroupb/public_html/vendor/laravel/framework/src/Illuminate/Pipeline/Pipeline.php(219): Illuminate\\Session\\Middleware\\StartSession->handle()
#20 /home/drgroupb/public_html/vendor/laravel/framework/src/Illuminate/Cookie/Middleware/AddQueuedCookiesToResponse.php(36): Illuminate\\Pipeline\\Pipeline->{closure:{closure:Illuminate\\Pipeline\\Pipeline::carry():194}:195}()
#21 /home/drgroupb/public_html/vendor/laravel/framework/src/Illuminate/Pipeline/Pipeline.php(219): Illuminate\\Cookie\\Middleware\\AddQueuedCookiesToResponse->handle()
#22 /home/drgroupb/public_html/vendor/laravel/framework/src/Illuminate/Cookie/Middleware/EncryptCookies.php(74): Illuminate\\Pipeline\\Pipeline->{closure:{closure:Illuminate\\Pipeline\\Pipeline::carry():194}:195}()
#23 /home/drgroupb/public_html/vendor/laravel/framework/src/Illuminate/Pipeline/Pipeline.php(219): Illuminate\\Cookie\\Middleware\\EncryptCookies->handle()
#24 /home/drgroupb/public_html/vendor/laravel/framework/src/Illuminate/Pipeline/Pipeline.php(137): Illuminate\\Pipeline\\Pipeline->{closure:{closure:Illuminate\\Pipeline\\Pipeline::carry():194}:195}()
#25 /home/drgroupb/public_html/vendor/laravel/framework/src/Illuminate/Routing/Router.php(821): Illuminate\\Pipeline\\Pipeline->then()
#26 /home/drgroupb/public_html/vendor/laravel/framework/src/Illuminate/Routing/Router.php(800): Illuminate\\Routing\\Router->runRouteWithinStack()
#27 /home/drgroupb/public_html/vendor/laravel/framework/src/Illuminate/Routing/Router.php(764): Illuminate\\Routing\\Router->runRoute()
#28 /home/drgroupb/public_html/vendor/laravel/framework/src/Illuminate/Routing/Router.php(753): Illuminate\\Routing\\Router->dispatchToRoute()
#29 /home/drgroupb/public_html/vendor/laravel/framework/src/Illuminate/Foundation/Http/Kernel.php(200): Illuminate\\Routing\\Router->dispatch()
#30 /home/drgroupb/public_html/vendor/laravel/framework/src/Illuminate/Pipeline/Pipeline.php(180): Illuminate\\Foundation\\Http\\Kernel->{closure:Illuminate\\Foundation\\Http\\Kernel::dispatchToRouter():197}()
#31 /home/drgroupb/public_html/vendor/laravel/framework/src/Illuminate/Foundation/Http/Middleware/TransformsRequest.php(21): Illuminate\\Pipeline\\Pipeline->{closure:Illuminate\\Pipeline\\Pipeline::prepareDestination():178}()
#32 /home/drgroupb/public_html/vendor/laravel/framework/src/Illuminate/Foundation/Http/Middleware/ConvertEmptyStringsToNull.php(31): Illuminate\\Foundation\\Http\\Middleware\\TransformsRequest->handle()
#33 /home/drgroupb/public_html/vendor/laravel/framework/src/Illuminate/Pipeline/Pipeline.php(219): Illuminate\\Foundation\\Http\\Middleware\\ConvertEmptyStringsToNull->handle()
#34 /home/drgroupb/public_html/vendor/laravel/framework/src/Illuminate/Foundation/Http/Middleware/TransformsRequest.php(21): Illuminate\\Pipeline\\Pipeline->{closure:{closure:Illuminate\\Pipeline\\Pipeline::carry():194}:195}()
#35 /home/drgroupb/public_html/vendor/laravel/framework/src/Illuminate/Foundation/Http/Middleware/TrimStrings.php(51): Illuminate\\Foundation\\Http\\Middleware\\TransformsRequest->handle()
#36 /home/drgroupb/public_html/vendor/laravel/framework/src/Illuminate/Pipeline/Pipeline.php(219): Illuminate\\Foundation\\Http\\Middleware\\TrimStrings->handle()
#37 /home/drgroupb/public_html/vendor/laravel/framework/src/Illuminate/Http/Middleware/ValidatePostSize.php(27): Illuminate\\Pipeline\\Pipeline->{closure:{closure:Illuminate\\Pipeline\\Pipeline::carry():194}:195}()
#38 /home/drgroupb/public_html/vendor/laravel/framework/src/Illuminate/Pipeline/Pipeline.php(219): Illuminate\\Http\\Middleware\\ValidatePostSize->handle()
#39 /home/drgroupb/public_html/vendor/laravel/framework/src/Illuminate/Foundation/Http/Middleware/PreventRequestsDuringMaintenance.php(110): Illuminate\\Pipeline\\Pipeline->{closure:{closure:Illuminate\\Pipeline\\Pipeline::carry():194}:195}()
#40 /home/drgroupb/public_html/vendor/laravel/framework/src/Illuminate/Pipeline/Pipeline.php(219): Illuminate\\Foundation\\Http\\Middleware\\PreventRequestsDuringMaintenance->handle()
#41 /home/drgroupb/public_html/vendor/laravel/framework/src/Illuminate/Http/Middleware/HandleCors.php(61): Illuminate\\Pipeline\\Pipeline->{closure:{closure:Illuminate\\Pipeline\\Pipeline::carry():194}:195}()
#42 /home/drgroupb/public_html/vendor/laravel/framework/src/Illuminate/Pipeline/Pipeline.php(219): Illuminate\\Http\\Middleware\\HandleCors->handle()
#43 /home/drgroupb/public_html/vendor/laravel/framework/src/Illuminate/Http/Middleware/TrustProxies.php(58): Illuminate\\Pipeline\\Pipeline->{closure:{closure:Illuminate\\Pipeline\\Pipeline::carry():194}:195}()
#44 /home/drgroupb/public_html/vendor/laravel/framework/src/Illuminate/Pipeline/Pipeline.php(219): Illuminate\\Http\\Middleware\\TrustProxies->handle()
#45 /home/drgroupb/public_html/vendor/laravel/framework/src/Illuminate/Foundation/Http/Middleware/InvokeDeferredCallbacks.php(22): Illuminate\\Pipeline\\Pipeline->{closure:{closure:Illuminate\\Pipeline\\Pipeline::carry():194}:195}()
#46 /home/drgroupb/public_html/vendor/laravel/framework/src/Illuminate/Pipeline/Pipeline.php(219): Illuminate\\Foundation\\Http\\Middleware\\InvokeDeferredCallbacks->handle()
#47 /home/drgroupb/public_html/vendor/laravel/framework/src/Illuminate/Http/Middleware/ValidatePathEncoding.php(28): Illuminate\\Pipeline\\Pipeline->{closure:{closure:Illuminate\\Pipeline\\Pipeline::carry():194}:195}()
#48 /home/drgroupb/public_html/vendor/laravel/framework/src/Illuminate/Pipeline/Pipeline.php(219): Illuminate\\Http\\Middleware\\ValidatePathEncoding->handle()
#49 /home/drgroupb/public_html/vendor/laravel/framework/src/Illuminate/Pipeline/Pipeline.php(137): Illuminate\\Pipeline\\Pipeline->{closure:{closure:Illuminate\\Pipeline\\Pipeline::carry():194}:195}()
#50 /home/drgroupb/public_html/vendor/laravel/framework/src/Illuminate/Foundation/Http/Kernel.php(175): Illuminate\\Pipeline\\Pipeline->then()
#51 /home/drgroupb/public_html/vendor/laravel/framework/src/Illuminate/Foundation/Http/Kernel.php(144): Illuminate\\Foundation\\Http\\Kernel->sendRequestThroughRouter()
#52 /home/drgroupb/public_html/vendor/laravel/framework/src/Illuminate/Foundation/Application.php(1227): Illuminate\\Foundation\\Http\\Kernel->handle()
#53 /home/drgroupb/public_html/index.php(31): Illuminate\\Foundation\\Application->handleRequest()
#54 {main}
"} 
[2026-09-16 17:09:31] production.ERROR: View [admin.login] not found. {"exception":"[object] (InvalidArgumentException(code: 0): View [admin.login] not found. at /home/drgroupb/public_html/vendor/laravel/framework/src/Illuminate/View/FileViewFinder.php:138)
[stacktrace]
#0 /home/drgroupb/public_html/vendor/laravel/framework/src/Illuminate/View/FileViewFinder.php(78): Illuminate\\View\\FileViewFinder->findInPaths()
#1 /home/drgroupb/public_html/vendor/laravel/framework/src/Illuminate/View/Factory.php(150): Illuminate\\View\\FileViewFinder->find()
#2 /home/drgroupb/public_html/vendor/laravel/framework/src/Illuminate/Foundation/helpers.php(1101): Illuminate\\View\\Factory->make()
#3 /home/drgroupb/public_html/app/Http/Controllers/Admin/AuthController.php(14): view()
#4 /home/drgroupb/public_html/vendor/laravel/framework/src/Illuminate/Routing/ControllerDispatcher.php(46): App\\Http\\Controllers\\Admin\\AuthController->showLoginForm()
#5 /home/drgroupb/public_html/vendor/laravel/framework/src/Illuminate/Routing/Route.php(276): Illuminate\\Routing\\ControllerDispatcher->dispatch()
#6 /home/drgroupb/public_html/vendor/laravel/framework/src/Illuminate/Routing/Route.php(216): Illuminate\\Routing\\Route->runController()
#7 /home/drgroupb/public_html/vendor/laravel/framework/src/Illuminate/Routing/Router.php(822): Illuminate\\Routing\\Route->run()
#8 /home/drgroupb/public_html/vendor/laravel/framework/src/Illuminate/Pipeline/Pipeline.php(180): Illuminate\\Routing\\Router->{closure:Illuminate\\Routing\\Router::runRouteWithinStack():821}()
#9 /home/drgroupb/public_html/app/Http/Middleware/AdminGuest.php(18): Illuminate\\Pipeline\\Pipeline->{closure:Illuminate\\Pipeline\\Pipeline::prepareDestination():178}()
#10 /home/drgroupb/public_html/vendor/laravel/framework/src/Illuminate/Pipeline/Pipeline.php(219): App\\Http\\Middleware\\AdminGuest->handle()
#11 /home/drgroupb/public_html/vendor/laravel/framework/src/Illuminate/Routing/Middleware/SubstituteBindings.php(52): Illuminate\\Pipeline\\Pipeline->{closure:{closure:Illuminate\\Pipeline\\Pipeline::carry():194}:195}()
#12 /home/drgroupb/public_html/vendor/laravel/framework/src/Illuminate/Pipeline/Pipeline.php(219): Illuminate\\Routing\\Middleware\\SubstituteBindings->handle()
#13 /home/drgroupb/public_html/vendor/laravel/framework/src/Illuminate/Foundation/Http/Middleware/PreventRequestForgery.php(104): Illuminate\\Pipeline\\Pipeline->{closure:{closure:Illuminate\\Pipeline\\Pipeline::carry():194}:195}()
#14 /home/drgroupb/public_html/vendor/laravel/framework/src/Illuminate/Pipeline/Pipeline.php(219): Illuminate\\Foundation\\Http\\Middleware\\PreventRequestForgery->handle()
#15 /home/drgroupb/public_html/vendor/laravel/framework/src/Illuminate/View/Middleware/ShareErrorsFromSession.php(48): Illuminate\\Pipeline\\Pipeline->{closure:{closure:Illuminate\\Pipeline\\Pipeline::carry():194}:195}()
#16 /home/drgroupb/public_html/vendor/laravel/framework/src/Illuminate/Pipeline/Pipeline.php(219): Illuminate\\View\\Middleware\\ShareErrorsFromSession->handle()
#17 /home/drgroupb/public_html/vendor/laravel/framework/src/Illuminate/Session/Middleware/StartSession.php(120): Illuminate\\Pipeline\\Pipeline->{closure:{closure:Illuminate\\Pipeline\\Pipeline::carry():194}:195}()
#18 /home/drgroupb/public_html/vendor/laravel/framework/src/Illuminate/Session/Middleware/StartSession.php(63): Illuminate\\Session\\Middleware\\StartSession->handleStatefulRequest()
#19 /home/drgroupb/public_html/vendor/laravel/framework/src/Illuminate/Pipeline/Pipeline.php(219): Illuminate\\Session\\Middleware\\StartSession->handle()
#20 /home/drgroupb/public_html/vendor/laravel/framework/src/Illuminate/Cookie/Middleware/AddQueuedCookiesToResponse.php(36): Illuminate\\Pipeline\\Pipeline->{closure:{closure:Illuminate\\Pipeline\\Pipeline::carry():194}:195}()
#21 /home/drgroupb/public_html/vendor/laravel/framework/src/Illuminate/Pipeline/Pipeline.php(219): Illuminate\\Cookie\\Middleware\\AddQueuedCookiesToResponse->handle()
#22 /home/drgroupb/public_html/vendor/laravel/framework/src/Illuminate/Cookie/Middleware/EncryptCookies.php(74): Illuminate\\Pipeline\\Pipeline->{closure:{closure:Illuminate\\Pipeline\\Pipeline::carry():194}:195}()
#23 /home/drgroupb/public_html/vendor/laravel/framework/src/Illuminate/Pipeline/Pipeline.php(219): Illuminate\\Cookie\\Middleware\\EncryptCookies->handle()
#24 /home/drgroupb/public_html/vendor/laravel/framework/src/Illuminate/Pipeline/Pipeline.php(137): Illuminate\\Pipeline\\Pipeline->{closure:{closure:Illuminate\\Pipeline\\Pipeline::carry():194}:195}()
#25 /home/drgroupb/public_html/vendor/laravel/framework/src/Illuminate/Routing/Router.php(821): Illuminate\\Pipeline\\Pipeline->then()
#26 /home/drgroupb/public_html/vendor/laravel/framework/src/Illuminate/Routing/Router.php(800): Illuminate\\Routing\\Router->runRouteWithinStack()
#27 /home/drgroupb/public_html/vendor/laravel/framework/src/Illuminate/Routing/Router.php(764): Illuminate\\Routing\\Router->runRoute()
#28 /home/drgroupb/public_html/vendor/laravel/framework/src/Illuminate/Routing/Router.php(753): Illuminate\\Routing\\Router->dispatchToRoute()
#29 /home/drgroupb/public_html/vendor/laravel/framework/src/Illuminate/Foundation/Http/Kernel.php(200): Illuminate\\Routing\\Router->dispatch()
#30 /home/drgroupb/public_html/vendor/laravel/framework/src/Illuminate/Pipeline/Pipeline.php(180): Illuminate\\Foundation\\Http\\Kernel->{closure:Illuminate\\Foundation\\Http\\Kernel::dispatchToRouter():197}()
#31 /home/drgroupb/public_html/vendor/laravel/framework/src/Illuminate/Foundation/Http/Middleware/TransformsRequest.php(21): Illuminate\\Pipeline\\Pipeline->{closure:Illuminate\\Pipeline\\Pipeline::prepareDestination():178}()
#32 /home/drgroupb/public_html/vendor/laravel/framework/src/Illuminate/Foundation/Http/Middleware/ConvertEmptyStringsToNull.php(31): Illuminate\\Foundation\\Http\\Middleware\\TransformsRequest->handle()
#33 /home/drgroupb/public_html/vendor/laravel/framework/src/Illuminate/Pipeline/Pipeline.php(219): Illuminate\\Foundation\\Http\\Middleware\\ConvertEmptyStringsToNull->handle()
#34 /home/drgroupb/public_html/vendor/laravel/framework/src/Illuminate/Foundation/Http/Middleware/TransformsRequest.php(21): Illuminate\\Pipeline\\Pipeline->{closure:{closure:Illuminate\\Pipeline\\Pipeline::carry():194}:195}()
#35 /home/drgroupb/public_html/vendor/laravel/framework/src/Illuminate/Foundation/Http/Middleware/TrimStrings.php(51): Illuminate\\Foundation\\Http\\Middleware\\TransformsRequest->handle()
#36 /home/drgroupb/public_html/vendor/laravel/framework/src/Illuminate/Pipeline/Pipeline.php(219): Illuminate\\Foundation\\Http\\Middleware\\TrimStrings->handle()
#37 /home/drgroupb/public_html/vendor/laravel/framework/src/Illuminate/Http/Middleware/ValidatePostSize.php(27): Illuminate\\Pipeline\\Pipeline->{closure:{closure:Illuminate\\Pipeline\\Pipeline::carry():194}:195}()
#38 /home/drgroupb/public_html/vendor/laravel/framework/src/Illuminate/Pipeline/Pipeline.php(219): Illuminate\\Http\\Middleware\\ValidatePostSize->handle()
#39 /home/drgroupb/public_html/vendor/laravel/framework/src/Illuminate/Foundation/Http/Middleware/PreventRequestsDuringMaintenance.php(110): Illuminate\\Pipeline\\Pipeline->{closure:{closure:Illuminate\\Pipeline\\Pipeline::carry():194}:195}()
#40 /home/drgroupb/public_html/vendor/laravel/framework/src/Illuminate/Pipeline/Pipeline.php(219): Illuminate\\Foundation\\Http\\Middleware\\PreventRequestsDuringMaintenance->handle()
#41 /home/drgroupb/public_html/vendor/laravel/framework/src/Illuminate/Http/Middleware/HandleCors.php(61): Illuminate\\Pipeline\\Pipeline->{closure:{closure:Illuminate\\Pipeline\\Pipeline::carry():194}:195}()
#42 /home/drgroupb/public_html/vendor/laravel/framework/src/Illuminate/Pipeline/Pipeline.php(219): Illuminate\\Http\\Middleware\\HandleCors->handle()
#43 /home/drgroupb/public_html/vendor/laravel/framework/src/Illuminate/Http/Middleware/TrustProxies.php(58): Illuminate\\Pipeline\\Pipeline->{closure:{closure:Illuminate\\Pipeline\\Pipeline::carry():194}:195}()
#44 /home/drgroupb/public_html/vendor/laravel/framework/src/Illuminate/Pipeline/Pipeline.php(219): Illuminate\\Http\\Middleware\\TrustProxies->handle()
#45 /home/drgroupb/public_html/vendor/laravel/framework/src/Illuminate/Foundation/Http/Middleware/InvokeDeferredCallbacks.php(22): Illuminate\\Pipeline\\Pipeline->{closure:{closure:Illuminate\\Pipeline\\Pipeline::carry():194}:195}()
#46 /home/drgroupb/public_html/vendor/laravel/framework/src/Illuminate/Pipeline/Pipeline.php(219): Illuminate\\Foundation\\Http\\Middleware\\InvokeDeferredCallbacks->handle()
#47 /home/drgroupb/public_html/vendor/laravel/framework/src/Illuminate/Http/Middleware/ValidatePathEncoding.php(28): Illuminate\\Pipeline\\Pipeline->{closure:{closure:Illuminate\\Pipeline\\Pipeline::carry():194}:195}()
#48 /home/drgroupb/public_html/vendor/laravel/framework/src/Illuminate/Pipeline/Pipeline.php(219): Illuminate\\Http\\Middleware\\ValidatePathEncoding->handle()
#49 /home/drgroupb/public_html/vendor/laravel/framework/src/Illuminate/Pipeline/Pipeline.php(137): Illuminate\\Pipeline\\Pipeline->{closure:{closure:Illuminate\\Pipeline\\Pipeline::carry():194}:195}()
#50 /home/drgroupb/public_html/vendor/laravel/framework/src/Illuminate/Foundation/Http/Kernel.php(175): Illuminate\\Pipeline\\Pipeline->then()
#51 /home/drgroupb/public_html/vendor/laravel/framework/src/Illuminate/Foundation/Http/Kernel.php(144): Illuminate\\Foundation\\Http\\Kernel->sendRequestThroughRouter()
#52 /home/drgroupb/public_html/vendor/laravel/framework/src/Illuminate/Foundation/Application.php(1227): Illuminate\\Foundation\\Http\\Kernel->handle()
#53 /home/drgroupb/public_html/index.php(31): Illuminate\\Foundation\\Application->handleRequest()
#54 {main}
"} 
[2026-09-16 17:09:31] production.ERROR: View [admin.login] not found. {"exception":"[object] (InvalidArgumentException(code: 0): View [admin.login] not found. at /home/drgroupb/public_html/vendor/laravel/framework/src/Illuminate/View/FileViewFinder.php:138)
[stacktrace]
#0 /home/drgroupb/public_html/vendor/laravel/framework/src/Illuminate/View/FileViewFinder.php(78): Illuminate\\View\\FileViewFinder->findInPaths()
#1 /home/drgroupb/public_html/vendor/laravel/framework/src/Illuminate/View/Factory.php(150): Illuminate\\View\\FileViewFinder->find()
#2 /home/drgroupb/public_html/vendor/laravel/framework/src/Illuminate/Foundation/helpers.php(1101): Illuminate\\View\\Factory->make()
#3 /home/drgroupb/public_html/app/Http/Controllers/Admin/AuthController.php(14): view()
#4 /home/drgroupb/public_html/vendor/laravel/framework/src/Illuminate/Routing/ControllerDispatcher.php(46): App\\Http\\Controllers\\Admin\\AuthController->showLoginForm()
#5 /home/drgroupb/public_html/vendor/laravel/framework/src/Illuminate/Routing/Route.php(276): Illuminate\\Routing\\ControllerDispatcher->dispatch()
#6 /home/drgroupb/public_html/vendor/laravel/framework/src/Illuminate/Routing/Route.php(216): Illuminate\\Routing\\Route->runController()
#7 /home/drgroupb/public_html/vendor/laravel/framework/src/Illuminate/Routing/Router.php(822): Illuminate\\Routing\\Route->run()
#8 /home/drgroupb/public_html/vendor/laravel/framework/src/Illuminate/Pipeline/Pipeline.php(180): Illuminate\\Routing\\Router->{closure:Illuminate\\Routing\\Router::runRouteWithinStack():821}()
#9 /home/drgroupb/public_html/app/Http/Middleware/AdminGuest.php(18): Illuminate\\Pipeline\\Pipeline->{closure:Illuminate\\Pipeline\\Pipeline::prepareDestination():178}()
#10 /home/drgroupb/public_html/vendor/laravel/framework/src/Illuminate/Pipeline/Pipeline.php(219): App\\Http\\Middleware\\AdminGuest->handle()
#11 /home/drgroupb/public_html/vendor/laravel/framework/src/Illuminate/Routing/Middleware/SubstituteBindings.php(52): Illuminate\\Pipeline\\Pipeline->{closure:{closure:Illuminate\\Pipeline\\Pipeline::carry():194}:195}()
#12 /home/drgroupb/public_html/vendor/laravel/framework/src/Illuminate/Pipeline/Pipeline.php(219): Illuminate\\Routing\\Middleware\\SubstituteBindings->handle()
#13 /home/drgroupb/public_html/vendor/laravel/framework/src/Illuminate/Foundation/Http/Middleware/PreventRequestForgery.php(104): Illuminate\\Pipeline\\Pipeline->{closure:{closure:Illuminate\\Pipeline\\Pipeline::carry():194}:195}()
#14 /home/drgroupb/public_html/vendor/laravel/framework/src/Illuminate/Pipeline/Pipeline.php(219): Illuminate\\Foundation\\Http\\Middleware\\PreventRequestForgery->handle()
#15 /home/drgroupb/public_html/vendor/laravel/framework/src/Illuminate/View/Middleware/ShareErrorsFromSession.php(48): Illuminate\\Pipeline\\Pipeline->{closure:{closure:Illuminate\\Pipeline\\Pipeline::carry():194}:195}()
#16 /home/drgroupb/public_html/vendor/laravel/framework/src/Illuminate/Pipeline/Pipeline.php(219): Illuminate\\View\\Middleware\\ShareErrorsFromSession->handle()
#17 /home/drgroupb/public_html/vendor/laravel/framework/src/Illuminate/Session/Middleware/StartSession.php(120): Illuminate\\Pipeline\\Pipeline->{closure:{closure:Illuminate\\Pipeline\\Pipeline::carry():194}:195}()
#18 /home/drgroupb/public_html/vendor/laravel/framework/src/Illuminate/Session/Middleware/StartSession.php(63): Illuminate\\Session\\Middleware\\StartSession->handleStatefulRequest()
#19 /home/drgroupb/public_html/vendor/laravel/framework/src/Illuminate/Pipeline/Pipeline.php(219): Illuminate\\Session\\Middleware\\StartSession->handle()
#20 /home/drgroupb/public_html/vendor/laravel/framework/src/Illuminate/Cookie/Middleware/AddQueuedCookiesToResponse.php(36): Illuminate\\Pipeline\\Pipeline->{closure:{closure:Illuminate\\Pipeline\\Pipeline::carry():194}:195}()
#21 /home/drgroupb/public_html/vendor/laravel/framework/src/Illuminate/Pipeline/Pipeline.php(219): Illuminate\\Cookie\\Middleware\\AddQueuedCookiesToResponse->handle()
#22 /home/drgroupb/public_html/vendor/laravel/framework/src/Illuminate/Cookie/Middleware/EncryptCookies.php(74): Illuminate\\Pipeline\\Pipeline->{closure:{closure:Illuminate\\Pipeline\\Pipeline::carry():194}:195}()
#23 /home/drgroupb/public_html/vendor/laravel/framework/src/Illuminate/Pipeline/Pipeline.php(219): Illuminate\\Cookie\\Middleware\\EncryptCookies->handle()
#24 /home/drgroupb/public_html/vendor/laravel/framework/src/Illuminate/Pipeline/Pipeline.php(137): Illuminate\\Pipeline\\Pipeline->{closure:{closure:Illuminate\\Pipeline\\Pipeline::carry():194}:195}()
#25 /home/drgroupb/public_html/vendor/laravel/framework/src/Illuminate/Routing/Router.php(821): Illuminate\\Pipeline\\Pipeline->then()
#26 /home/drgroupb/public_html/vendor/laravel/framework/src/Illuminate/Routing/Router.php(800): Illuminate\\Routing\\Router->runRouteWithinStack()
#27 /home/drgroupb/public_html/vendor/laravel/framework/src/Illuminate/Routing/Router.php(764): Illuminate\\Routing\\Router->runRoute()
#28 /home/drgroupb/public_html/vendor/laravel/framework/src/Illuminate/Routing/Router.php(753): Illuminate\\Routing\\Router->dispatchToRoute()
#29 /home/drgroupb/public_html/vendor/laravel/framework/src/Illuminate/Foundation/Http/Kernel.php(200): Illuminate\\Routing\\Router->dispatch()
#30 /home/drgroupb/public_html/vendor/laravel/framework/src/Illuminate/Pipeline/Pipeline.php(180): Illuminate\\Foundation\\Http\\Kernel->{closure:Illuminate\\Foundation\\Http\\Kernel::dispatchToRouter():197}()
#31 /home/drgroupb/public_html/vendor/laravel/framework/src/Illuminate/Foundation/Http/Middleware/TransformsRequest.php(21): Illuminate\\Pipeline\\Pipeline->{closure:Illuminate\\Pipeline\\Pipeline::prepareDestination():178}()
#32 /home/drgroupb/public_html/vendor/laravel/framework/src/Illuminate/Foundation/Http/Middleware/ConvertEmptyStringsToNull.php(31): Illuminate\\Foundation\\Http\\Middleware\\TransformsRequest->handle()
#33 /home/drgroupb/public_html/vendor/laravel/framework/src/Illuminate/Pipeline/Pipeline.php(219): Illuminate\\Foundation\\Http\\Middleware\\ConvertEmptyStringsToNull->handle()
#34 /home/drgroupb/public_html/vendor/laravel/framework/src/Illuminate/Foundation/Http/Middleware/TransformsRequest.php(21): Illuminate\\Pipeline\\Pipeline->{closure:{closure:Illuminate\\Pipeline\\Pipeline::carry():194}:195}()
#35 /home/drgroupb/public_html/vendor/laravel/framework/src/Illuminate/Foundation/Http/Middleware/TrimStrings.php(51): Illuminate\\Foundation\\Http\\Middleware\\TransformsRequest->handle()
#36 /home/drgroupb/public_html/vendor/laravel/framework/src/Illuminate/Pipeline/Pipeline.php(219): Illuminate\\Foundation\\Http\\Middleware\\TrimStrings->handle()
#37 /home/drgroupb/public_html/vendor/laravel/framework/src/Illuminate/Http/Middleware/ValidatePostSize.php(27): Illuminate\\Pipeline\\Pipeline->{closure:{closure:Illuminate\\Pipeline\\Pipeline::carry():194}:195}()
#38 /home/drgroupb/public_html/vendor/laravel/framework/src/Illuminate/Pipeline/Pipeline.php(219): Illuminate\\Http\\Middleware\\ValidatePostSize->handle()
#39 /home/drgroupb/public_html/vendor/laravel/framework/src/Illuminate/Foundation/Http/Middleware/PreventRequestsDuringMaintenance.php(110): Illuminate\\Pipeline\\Pipeline->{closure:{closure:Illuminate\\Pipeline\\Pipeline::carry():194}:195}()
#40 /home/drgroupb/public_html/vendor/laravel/framework/src/Illuminate/Pipeline/Pipeline.php(219): Illuminate\\Foundation\\Http\\Middleware\\PreventRequestsDuringMaintenance->handle()
#41 /home/drgroupb/public_html/vendor/laravel/framework/src/Illuminate/Http/Middleware/HandleCors.php(61): Illuminate\\Pipeline\\Pipeline->{closure:{closure:Illuminate\\Pipeline\\Pipeline::carry():194}:195}()
#42 /home/drgroupb/public_html/vendor/laravel/framework/src/Illuminate/Pipeline/Pipeline.php(219): Illuminate\\Http\\Middleware\\HandleCors->handle()
#43 /home/drgroupb/public_html/vendor/laravel/framework/src/Illuminate/Http/Middleware/TrustProxies.php(58): Illuminate\\Pipeline\\Pipeline->{closure:{closure:Illuminate\\Pipeline\\Pipeline::carry():194}:195}()
#44 /home/drgroupb/public_html/vendor/laravel/framework/src/Illuminate/Pipeline/Pipeline.php(219): Illuminate\\Http\\Middleware\\TrustProxies->handle()
#45 /home/drgroupb/public_html/vendor/laravel/framework/src/Illuminate/Foundation/Http/Middleware/InvokeDeferredCallbacks.php(22): Illuminate\\Pipeline\\Pipeline->{closure:{closure:Illuminate\\Pipeline\\Pipeline::carry():194}:195}()
#46 /home/drgroupb/public_html/vendor/laravel/framework/src/Illuminate/Pipeline/Pipeline.php(219): Illuminate\\Foundation\\Http\\Middleware\\InvokeDeferredCallbacks->handle()
#47 /home/drgroupb/public_html/vendor/laravel/framework/src/Illuminate/Http/Middleware/ValidatePathEncoding.php(28): Illuminate\\Pipeline\\Pipeline->{closure:{closure:Illuminate\\Pipeline\\Pipeline::carry():194}:195}()
#48 /home/drgroupb/public_html/vendor/laravel/framework/src/Illuminate/Pipeline/Pipeline.php(219): Illuminate\\Http\\Middleware\\ValidatePathEncoding->handle()
#49 /home/drgroupb/public_html/vendor/laravel/framework/src/Illuminate/Pipeline/Pipeline.php(137): Illuminate\\Pipeline\\Pipeline->{closure:{closure:Illuminate\\Pipeline\\Pipeline::carry():194}:195}()
#50 /home/drgroupb/public_html/vendor/laravel/framework/src/Illuminate/Foundation/Http/Kernel.php(175): Illuminate\\Pipeline\\Pipeline->then()
#51 /home/drgroupb/public_html/vendor/laravel/framework/src/Illuminate/Foundation/Http/Kernel.php(144): Illuminate\\Foundation\\Http\\Kernel->sendRequestThroughRouter()
#52 /home/drgroupb/public_html/vendor/laravel/framework/src/Illuminate/Foundation/Application.php(1227): Illuminate\\Foundation\\Http\\Kernel->handle()
#53 /home/drgroupb/public_html/index.php(31): Illuminate\\Foundation\\Application->handleRequest()
#54 {main}
"} 
[2026-09-16 17:09:32] production.ERROR: View [admin.login] not found. {"exception":"[object] (InvalidArgumentException(code: 0): View [admin.login] not found. at /home/drgroupb/public_html/vendor/laravel/framework/src/Illuminate/View/FileViewFinder.php:138)
[stacktrace]
#0 /home/drgroupb/public_html/vendor/laravel/framework/src/Illuminate/View/FileViewFinder.php(78): Illuminate\\View\\FileViewFinder->findInPaths()
#1 /home/drgroupb/public_html/vendor/laravel/framework/src/Illuminate/View/Factory.php(150): Illuminate\\View\\FileViewFinder->find()
#2 /home/drgroupb/public_html/vendor/laravel/framework/src/Illuminate/Foundation/helpers.php(1101): Illuminate\\View\\Factory->make()
#3 /home/drgroupb/public_html/app/Http/Controllers/Admin/AuthController.php(14): view()
#4 /home/drgroupb/public_html/vendor/laravel/framework/src/Illuminate/Routing/ControllerDispatcher.php(46): App\\Http\\Controllers\\Admin\\AuthController->showLoginForm()
#5 /home/drgroupb/public_html/vendor/laravel/framework/src/Illuminate/Routing/Route.php(276): Illuminate\\Routing\\ControllerDispatcher->dispatch()
#6 /home/drgroupb/public_html/vendor/laravel/framework/src/Illuminate/Routing/Route.php(216): Illuminate\\Routing\\Route->runController()
#7 /home/drgroupb/public_html/vendor/laravel/framework/src/Illuminate/Routing/Router.php(822): Illuminate\\Routing\\Route->run()
#8 /home/drgroupb/public_html/vendor/laravel/framework/src/Illuminate/Pipeline/Pipeline.php(180): Illuminate\\Routing\\Router->{closure:Illuminate\\Routing\\Router::runRouteWithinStack():821}()
#9 /home/drgroupb/public_html/app/Http/Middleware/AdminGuest.php(18): Illuminate\\Pipeline\\Pipeline->{closure:Illuminate\\Pipeline\\Pipeline::prepareDestination():178}()
#10 /home/drgroupb/public_html/vendor/laravel/framework/src/Illuminate/Pipeline/Pipeline.php(219): App\\Http\\Middleware\\AdminGuest->handle()
#11 /home/drgroupb/public_html/vendor/laravel/framework/src/Illuminate/Routing/Middleware/SubstituteBindings.php(52): Illuminate\\Pipeline\\Pipeline->{closure:{closure:Illuminate\\Pipeline\\Pipeline::carry():194}:195}()
#12 /home/drgroupb/public_html/vendor/laravel/framework/src/Illuminate/Pipeline/Pipeline.php(219): Illuminate\\Routing\\Middleware\\SubstituteBindings->handle()
#13 /home/drgroupb/public_html/vendor/laravel/framework/src/Illuminate/Foundation/Http/Middleware/PreventRequestForgery.php(104): Illuminate\\Pipeline\\Pipeline->{closure:{closure:Illuminate\\Pipeline\\Pipeline::carry():194}:195}()
#14 /home/drgroupb/public_html/vendor/laravel/framework/src/Illuminate/Pipeline/Pipeline.php(219): Illuminate\\Foundation\\Http\\Middleware\\PreventRequestForgery->handle()
#15 /home/drgroupb/public_html/vendor/laravel/framework/src/Illuminate/View/Middleware/ShareErrorsFromSession.php(48): Illuminate\\Pipeline\\Pipeline->{closure:{closure:Illuminate\\Pipeline\\Pipeline::carry():194}:195}()
#16 /home/drgroupb/public_html/vendor/laravel/framework/src/Illuminate/Pipeline/Pipeline.php(219): Illuminate\\View\\Middleware\\ShareErrorsFromSession->handle()
#17 /home/drgroupb/public_html/vendor/laravel/framework/src/Illuminate/Session/Middleware/StartSession.php(120): Illuminate\\Pipeline\\Pipeline->{closure:{closure:Illuminate\\Pipeline\\Pipeline::carry():194}:195}()
#18 /home/drgroupb/public_html/vendor/laravel/framework/src/Illuminate/Session/Middleware/StartSession.php(63): Illuminate\\Session\\Middleware\\StartSession->handleStatefulRequest()
#19 /home/drgroupb/public_html/vendor/laravel/framework/src/Illuminate/Pipeline/Pipeline.php(219): Illuminate\\Session\\Middleware\\StartSession->handle()
#20 /home/drgroupb/public_html/vendor/laravel/framework/src/Illuminate/Cookie/Middleware/AddQueuedCookiesToResponse.php(36): Illuminate\\Pipeline\\Pipeline->{closure:{closure:Illuminate\\Pipeline\\Pipeline::carry():194}:195}()
#21 /home/drgroupb/public_html/vendor/laravel/framework/src/Illuminate/Pipeline/Pipeline.php(219): Illuminate\\Cookie\\Middleware\\AddQueuedCookiesToResponse->handle()
#22 /home/drgroupb/public_html/vendor/laravel/framework/src/Illuminate/Cookie/Middleware/EncryptCookies.php(74): Illuminate\\Pipeline\\Pipeline->{closure:{closure:Illuminate\\Pipeline\\Pipeline::carry():194}:195}()
#23 /home/drgroupb/public_html/vendor/laravel/framework/src/Illuminate/Pipeline/Pipeline.php(219): Illuminate\\Cookie\\Middleware\\EncryptCookies->handle()
#24 /home/drgroupb/public_html/vendor/laravel/framework/src/Illuminate/Pipeline/Pipeline.php(137): Illuminate\\Pipeline\\Pipeline->{closure:{closure:Illuminate\\Pipeline\\Pipeline::carry():194}:195}()
#25 /home/drgroupb/public_html/vendor/laravel/framework/src/Illuminate/Routing/Router.php(821): Illuminate\\Pipeline\\Pipeline->then()
#26 /home/drgroupb/public_html/vendor/laravel/framework/src/Illuminate/Routing/Router.php(800): Illuminate\\Routing\\Router->runRouteWithinStack()
#27 /home/drgroupb/public_html/vendor/laravel/framework/src/Illuminate/Routing/Router.php(764): Illuminate\\Routing\\Router->runRoute()
#28 /home/drgroupb/public_html/vendor/laravel/framework/src/Illuminate/Routing/Router.php(753): Illuminate\\Routing\\Router->dispatchToRoute()
#29 /home/drgroupb/public_html/vendor/laravel/framework/src/Illuminate/Foundation/Http/Kernel.php(200): Illuminate\\Routing\\Router->dispatch()
#30 /home/drgroupb/public_html/vendor/laravel/framework/src/Illuminate/Pipeline/Pipeline.php(180): Illuminate\\Foundation\\Http\\Kernel->{closure:Illuminate\\Foundation\\Http\\Kernel::dispatchToRouter():197}()
#31 /home/drgroupb/public_html/vendor/laravel/framework/src/Illuminate/Foundation/Http/Middleware/TransformsRequest.php(21): Illuminate\\Pipeline\\Pipeline->{closure:Illuminate\\Pipeline\\Pipeline::prepareDestination():178}()
#32 /home/drgroupb/public_html/vendor/laravel/framework/src/Illuminate/Foundation/Http/Middleware/ConvertEmptyStringsToNull.php(31): Illuminate\\Foundation\\Http\\Middleware\\TransformsRequest->handle()
#33 /home/drgroupb/public_html/vendor/laravel/framework/src/Illuminate/Pipeline/Pipeline.php(219): Illuminate\\Foundation\\Http\\Middleware\\ConvertEmptyStringsToNull->handle()
#34 /home/drgroupb/public_html/vendor/laravel/framework/src/Illuminate/Foundation/Http/Middleware/TransformsRequest.php(21): Illuminate\\Pipeline\\Pipeline->{closure:{closure:Illuminate\\Pipeline\\Pipeline::carry():194}:195}()
#35 /home/drgroupb/public_html/vendor/laravel/framework/src/Illuminate/Foundation/Http/Middleware/TrimStrings.php(51): Illuminate\\Foundation\\Http\\Middleware\\TransformsRequest->handle()
#36 /home/drgroupb/public_html/vendor/laravel/framework/src/Illuminate/Pipeline/Pipeline.php(219): Illuminate\\Foundation\\Http\\Middleware\\TrimStrings->handle()
#37 /home/drgroupb/public_html/vendor/laravel/framework/src/Illuminate/Http/Middleware/ValidatePostSize.php(27): Illuminate\\Pipeline\\Pipeline->{closure:{closure:Illuminate\\Pipeline\\Pipeline::carry():194}:195}()
#38 /home/drgroupb/public_html/vendor/laravel/framework/src/Illuminate/Pipeline/Pipeline.php(219): Illuminate\\Http\\Middleware\\ValidatePostSize->handle()
#39 /home/drgroupb/public_html/vendor/laravel/framework/src/Illuminate/Foundation/Http/Middleware/PreventRequestsDuringMaintenance.php(110): Illuminate\\Pipeline\\Pipeline->{closure:{closure:Illuminate\\Pipeline\\Pipeline::carry():194}:195}()
#40 /home/drgroupb/public_html/vendor/laravel/framework/src/Illuminate/Pipeline/Pipeline.php(219): Illuminate\\Foundation\\Http\\Middleware\\PreventRequestsDuringMaintenance->handle()
#41 /home/drgroupb/public_html/vendor/laravel/framework/src/Illuminate/Http/Middleware/HandleCors.php(61): Illuminate\\Pipeline\\Pipeline->{closure:{closure:Illuminate\\Pipeline\\Pipeline::carry():194}:195}()
#42 /home/drgroupb/public_html/vendor/laravel/framework/src/Illuminate/Pipeline/Pipeline.php(219): Illuminate\\Http\\Middleware\\HandleCors->handle()
#43 /home/drgroupb/public_html/vendor/laravel/framework/src/Illuminate/Http/Middleware/TrustProxies.php(58): Illuminate\\Pipeline\\Pipeline->{closure:{closure:Illuminate\\Pipeline\\Pipeline::carry():194}:195}()
#44 /home/drgroupb/public_html/vendor/laravel/framework/src/Illuminate/Pipeline/Pipeline.php(219): Illuminate\\Http\\Middleware\\TrustProxies->handle()
#45 /home/drgroupb/public_html/vendor/laravel/framework/src/Illuminate/Foundation/Http/Middleware/InvokeDeferredCallbacks.php(22): Illuminate\\Pipeline\\Pipeline->{closure:{closure:Illuminate\\Pipeline\\Pipeline::carry():194}:195}()
#46 /home/drgroupb/public_html/vendor/laravel/framework/src/Illuminate/Pipeline/Pipeline.php(219): Illuminate\\Foundation\\Http\\Middleware\\InvokeDeferredCallbacks->handle()
#47 /home/drgroupb/public_html/vendor/laravel/framework/src/Illuminate/Http/Middleware/ValidatePathEncoding.php(28): Illuminate\\Pipeline\\Pipeline->{closure:{closure:Illuminate\\Pipeline\\Pipeline::carry():194}:195}()
#48 /home/drgroupb/public_html/vendor/laravel/framework/src/Illuminate/Pipeline/Pipeline.php(219): Illuminate\\Http\\Middleware\\ValidatePathEncoding->handle()
#49 /home/drgroupb/public_html/vendor/laravel/framework/src/Illuminate/Pipeline/Pipeline.php(137): Illuminate\\Pipeline\\Pipeline->{closure:{closure:Illuminate\\Pipeline\\Pipeline::carry():194}:195}()
#50 /home/drgroupb/public_html/vendor/laravel/framework/src/Illuminate/Foundation/Http/Kernel.php(175): Illuminate\\Pipeline\\Pipeline->then()
#51 /home/drgroupb/public_html/vendor/laravel/framework/src/Illuminate/Foundation/Http/Kernel.php(144): Illuminate\\Foundation\\Http\\Kernel->sendRequestThroughRouter()
#52 /home/drgroupb/public_html/vendor/laravel/framework/src/Illuminate/Foundation/Application.php(1227): Illuminate\\Foundation\\Http\\Kernel->handle()
#53 /home/drgroupb/public_html/index.php(31): Illuminate\\Foundation\\Application->handleRequest()
#54 {main}
"} 
[2026-09-16 17:09:45] production.ERROR: View [home] not found. {"exception":"[object] (InvalidArgumentException(code: 0): View [home] not found. at /home/drgroupb/public_html/vendor/laravel/framework/src/Illuminate/View/FileViewFinder.php:138)
[stacktrace]
#0 /home/drgroupb/public_html/vendor/laravel/framework/src/Illuminate/View/FileViewFinder.php(78): Illuminate\\View\\FileViewFinder->findInPaths()
#1 /home/drgroupb/public_html/vendor/laravel/framework/src/Illuminate/View/Factory.php(150): Illuminate\\View\\FileViewFinder->find()
#2 /home/drgroupb/public_html/vendor/laravel/framework/src/Illuminate/Foundation/helpers.php(1101): Illuminate\\View\\Factory->make()
#3 /home/drgroupb/public_html/app/Http/Controllers/HomeController.php(27): view()
#4 /home/drgroupb/public_html/vendor/laravel/framework/src/Illuminate/Routing/ControllerDispatcher.php(46): App\\Http\\Controllers\\HomeController->index()
#5 /home/drgroupb/public_html/vendor/laravel/framework/src/Illuminate/Routing/Route.php(276): Illuminate\\Routing\\ControllerDispatcher->dispatch()
#6 /home/drgroupb/public_html/vendor/laravel/framework/src/Illuminate/Routing/Route.php(216): Illuminate\\Routing\\Route->runController()
#7 /home/drgroupb/public_html/vendor/laravel/framework/src/Illuminate/Routing/Router.php(822): Illuminate\\Routing\\Route->run()
#8 /home/drgroupb/public_html/vendor/laravel/framework/src/Illuminate/Pipeline/Pipeline.php(180): Illuminate\\Routing\\Router->{closure:Illuminate\\Routing\\Router::runRouteWithinStack():821}()
#9 /home/drgroupb/public_html/vendor/laravel/framework/src/Illuminate/Routing/Middleware/SubstituteBindings.php(52): Illuminate\\Pipeline\\Pipeline->{closure:Illuminate\\Pipeline\\Pipeline::prepareDestination():178}()
#10 /home/drgroupb/public_html/vendor/laravel/framework/src/Illuminate/Pipeline/Pipeline.php(219): Illuminate\\Routing\\Middleware\\SubstituteBindings->handle()
#11 /home/drgroupb/public_html/vendor/laravel/framework/src/Illuminate/Foundation/Http/Middleware/PreventRequestForgery.php(104): Illuminate\\Pipeline\\Pipeline->{closure:{closure:Illuminate\\Pipeline\\Pipeline::carry():194}:195}()
#12 /home/drgroupb/public_html/vendor/laravel/framework/src/Illuminate/Pipeline/Pipeline.php(219): Illuminate\\Foundation\\Http\\Middleware\\PreventRequestForgery->handle()
#13 /home/drgroupb/public_html/vendor/laravel/framework/src/Illuminate/View/Middleware/ShareErrorsFromSession.php(48): Illuminate\\Pipeline\\Pipeline->{closure:{closure:Illuminate\\Pipeline\\Pipeline::carry():194}:195}()
#14 /home/drgroupb/public_html/vendor/laravel/framework/src/Illuminate/Pipeline/Pipeline.php(219): Illuminate\\View\\Middleware\\ShareErrorsFromSession->handle()
#15 /home/drgroupb/public_html/vendor/laravel/framework/src/Illuminate/Session/Middleware/StartSession.php(120): Illuminate\\Pipeline\\Pipeline->{closure:{closure:Illuminate\\Pipeline\\Pipeline::carry():194}:195}()
#16 /home/drgroupb/public_html/vendor/laravel/framework/src/Illuminate/Session/Middleware/StartSession.php(63): Illuminate\\Session\\Middleware\\StartSession->handleStatefulRequest()
#17 /home/drgroupb/public_html/vendor/laravel/framework/src/Illuminate/Pipeline/Pipeline.php(219): Illuminate\\Session\\Middleware\\StartSession->handle()
#18 /home/drgroupb/public_html/vendor/laravel/framework/src/Illuminate/Cookie/Middleware/AddQueuedCookiesToResponse.php(36): Illuminate\\Pipeline\\Pipeline->{closure:{closure:Illuminate\\Pipeline\\Pipeline::carry():194}:195}()
#19 /home/drgroupb/public_html/vendor/laravel/framework/src/Illuminate/Pipeline/Pipeline.php(219): Illuminate\\Cookie\\Middleware\\AddQueuedCookiesToResponse->handle()
#20 /home/drgroupb/public_html/vendor/laravel/framework/src/Illuminate/Cookie/Middleware/EncryptCookies.php(74): Illuminate\\Pipeline\\Pipeline->{closure:{closure:Illuminate\\Pipeline\\Pipeline::carry():194}:195}()
#21 /home/drgroupb/public_html/vendor/laravel/framework/src/Illuminate/Pipeline/Pipeline.php(219): Illuminate\\Cookie\\Middleware\\EncryptCookies->handle()
#22 /home/drgroupb/public_html/vendor/laravel/framework/src/Illuminate/Pipeline/Pipeline.php(137): Illuminate\\Pipeline\\Pipeline->{closure:{closure:Illuminate\\Pipeline\\Pipeline::carry():194}:195}()
#23 /home/drgroupb/public_html/vendor/laravel/framework/src/Illuminate/Routing/Router.php(821): Illuminate\\Pipeline\\Pipeline->then()
#24 /home/drgroupb/public_html/vendor/laravel/framework/src/Illuminate/Routing/Router.php(800): Illuminate\\Routing\\Router->runRouteWithinStack()
#25 /home/drgroupb/public_html/vendor/laravel/framework/src/Illuminate/Routing/Router.php(764): Illuminate\\Routing\\Router->runRoute()
#26 /home/drgroupb/public_html/vendor/laravel/framework/src/Illuminate/Routing/Router.php(753): Illuminate\\Routing\\Router->dispatchToRoute()
#27 /home/drgroupb/public_html/vendor/laravel/framework/src/Illuminate/Foundation/Http/Kernel.php(200): Illuminate\\Routing\\Router->dispatch()
#28 /home/drgroupb/public_html/vendor/laravel/framework/src/Illuminate/Pipeline/Pipeline.php(180): Illuminate\\Foundation\\Http\\Kernel->{closure:Illuminate\\Foundation\\Http\\Kernel::dispatchToRouter():197}()
#29 /home/drgroupb/public_html/vendor/laravel/framework/src/Illuminate/Foundation/Http/Middleware/TransformsRequest.php(21): Illuminate\\Pipeline\\Pipeline->{closure:Illuminate\\Pipeline\\Pipeline::prepareDestination():178}()
#30 /home/drgroupb/public_html/vendor/laravel/framework/src/Illuminate/Foundation/Http/Middleware/ConvertEmptyStringsToNull.php(31): Illuminate\\Foundation\\Http\\Middleware\\TransformsRequest->handle()
#31 /home/drgroupb/public_html/vendor/laravel/framework/src/Illuminate/Pipeline/Pipeline.php(219): Illuminate\\Foundation\\Http\\Middleware\\ConvertEmptyStringsToNull->handle()
#32 /home/drgroupb/public_html/vendor/laravel/framework/src/Illuminate/Foundation/Http/Middleware/TransformsRequest.php(21): Illuminate\\Pipeline\\Pipeline->{closure:{closure:Illuminate\\Pipeline\\Pipeline::carry():194}:195}()
#33 /home/drgroupb/public_html/vendor/laravel/framework/src/Illuminate/Foundation/Http/Middleware/TrimStrings.php(51): Illuminate\\Foundation\\Http\\Middleware\\TransformsRequest->handle()
#34 /home/drgroupb/public_html/vendor/laravel/framework/src/Illuminate/Pipeline/Pipeline.php(219): Illuminate\\Foundation\\Http\\Middleware\\TrimStrings->handle()
#35 /home/drgroupb/public_html/vendor/laravel/framework/src/Illuminate/Http/Middleware/ValidatePostSize.php(27): Illuminate\\Pipeline\\Pipeline->{closure:{closure:Illuminate\\Pipeline\\Pipeline::carry():194}:195}()
#36 /home/drgroupb/public_html/vendor/laravel/framework/src/Illuminate/Pipeline/Pipeline.php(219): Illuminate\\Http\\Middleware\\ValidatePostSize->handle()
#37 /home/drgroupb/public_html/vendor/laravel/framework/src/Illuminate/Foundation/Http/Middleware/PreventRequestsDuringMaintenance.php(110): Illuminate\\Pipeline\\Pipeline->{closure:{closure:Illuminate\\Pipeline\\Pipeline::carry():194}:195}()
#38 /home/drgroupb/public_html/vendor/laravel/framework/src/Illuminate/Pipeline/Pipeline.php(219): Illuminate\\Foundation\\Http\\Middleware\\PreventRequestsDuringMaintenance->handle()
#39 /home/drgroupb/public_html/vendor/laravel/framework/src/Illuminate/Http/Middleware/HandleCors.php(61): Illuminate\\Pipeline\\Pipeline->{closure:{closure:Illuminate\\Pipeline\\Pipeline::carry():194}:195}()
#40 /home/drgroupb/public_html/vendor/laravel/framework/src/Illuminate/Pipeline/Pipeline.php(219): Illuminate\\Http\\Middleware\\HandleCors->handle()
#41 /home/drgroupb/public_html/vendor/laravel/framework/src/Illuminate/Http/Middleware/TrustProxies.php(58): Illuminate\\Pipeline\\Pipeline->{closure:{closure:Illuminate\\Pipeline\\Pipeline::carry():194}:195}()
#42 /home/drgroupb/public_html/vendor/laravel/framework/src/Illuminate/Pipeline/Pipeline.php(219): Illuminate\\Http\\Middleware\\TrustProxies->handle()
#43 /home/drgroupb/public_html/vendor/laravel/framework/src/Illuminate/Foundation/Http/Middleware/InvokeDeferredCallbacks.php(22): Illuminate\\Pipeline\\Pipeline->{closure:{closure:Illuminate\\Pipeline\\Pipeline::carry():194}:195}()
#44 /home/drgroupb/public_html/vendor/laravel/framework/src/Illuminate/Pipeline/Pipeline.php(219): Illuminate\\Foundation\\Http\\Middleware\\InvokeDeferredCallbacks->handle()
#45 /home/drgroupb/public_html/vendor/laravel/framework/src/Illuminate/Http/Middleware/ValidatePathEncoding.php(28): Illuminate\\Pipeline\\Pipeline->{closure:{closure:Illuminate\\Pipeline\\Pipeline::carry():194}:195}()
#46 /home/drgroupb/public_html/vendor/laravel/framework/src/Illuminate/Pipeline/Pipeline.php(219): Illuminate\\Http\\Middleware\\ValidatePathEncoding->handle()
#47 /home/drgroupb/public_html/vendor/laravel/framework/src/Illuminate/Pipeline/Pipeline.php(137): Illuminate\\Pipeline\\Pipeline->{closure:{closure:Illuminate\\Pipeline\\Pipeline::carry():194}:195}()
#48 /home/drgroupb/public_html/vendor/laravel/framework/src/Illuminate/Foundation/Http/Kernel.php(175): Illuminate\\Pipeline\\Pipeline->then()
#49 /home/drgroupb/public_html/vendor/laravel/framework/src/Illuminate/Foundation/Http/Kernel.php(144): Illuminate\\Foundation\\Http\\Kernel->sendRequestThroughRouter()
#50 /home/drgroupb/public_html/vendor/laravel/framework/src/Illuminate/Foundation/Application.php(1227): Illuminate\\Foundation\\Http\\Kernel->handle()
#51 /home/drgroupb/public_html/index.php(31): Illuminate\\Foundation\\Application->handleRequest()
#52 {main}
"} 
[2026-09-16 17:14:59] production.ERROR: View [home] not found. {"exception":"[object] (InvalidArgumentException(code: 0): View [home] not found. at /home/drgroupb/public_html/vendor/laravel/framework/src/Illuminate/View/FileViewFinder.php:138)
[stacktrace]
#0 /home/drgroupb/public_html/vendor/laravel/framework/src/Illuminate/View/FileViewFinder.php(78): Illuminate\\View\\FileViewFinder->findInPaths()
#1 /home/drgroupb/public_html/vendor/laravel/framework/src/Illuminate/View/Factory.php(150): Illuminate\\View\\FileViewFinder->find()
#2 /home/drgroupb/public_html/vendor/laravel/framework/src/Illuminate/Foundation/helpers.php(1101): Illuminate\\View\\Factory->make()
#3 /home/drgroupb/public_html/app/Http/Controllers/HomeController.php(27): view()
#4 /home/drgroupb/public_html/vendor/laravel/framework/src/Illuminate/Routing/ControllerDispatcher.php(46): App\\Http\\Controllers\\HomeController->index()
#5 /home/drgroupb/public_html/vendor/laravel/framework/src/Illuminate/Routing/Route.php(276): Illuminate\\Routing\\ControllerDispatcher->dispatch()
#6 /home/drgroupb/public_html/vendor/laravel/framework/src/Illuminate/Routing/Route.php(216): Illuminate\\Routing\\Route->runController()
#7 /home/drgroupb/public_html/vendor/laravel/framework/src/Illuminate/Routing/Router.php(822): Illuminate\\Routing\\Route->run()
#8 /home/drgroupb/public_html/vendor/laravel/framework/src/Illuminate/Pipeline/Pipeline.php(180): Illuminate\\Routing\\Router->{closure:Illuminate\\Routing\\Router::runRouteWithinStack():821}()
#9 /home/drgroupb/public_html/vendor/laravel/framework/src/Illuminate/Routing/Middleware/SubstituteBindings.php(52): Illuminate\\Pipeline\\Pipeline->{closure:Illuminate\\Pipeline\\Pipeline::prepareDestination():178}()
#10 /home/drgroupb/public_html/vendor/laravel/framework/src/Illuminate/Pipeline/Pipeline.php(219): Illuminate\\Routing\\Middleware\\SubstituteBindings->handle()
#11 /home/drgroupb/public_html/vendor/laravel/framework/src/Illuminate/Foundation/Http/Middleware/PreventRequestForgery.php(104): Illuminate\\Pipeline\\Pipeline->{closure:{closure:Illuminate\\Pipeline\\Pipeline::carry():194}:195}()
#12 /home/drgroupb/public_html/vendor/laravel/framework/src/Illuminate/Pipeline/Pipeline.php(219): Illuminate\\Foundation\\Http\\Middleware\\PreventRequestForgery->handle()
#13 /home/drgroupb/public_html/vendor/laravel/framework/src/Illuminate/View/Middleware/ShareErrorsFromSession.php(48): Illuminate\\Pipeline\\Pipeline->{closure:{closure:Illuminate\\Pipeline\\Pipeline::carry():194}:195}()
#14 /home/drgroupb/public_html/vendor/laravel/framework/src/Illuminate/Pipeline/Pipeline.php(219): Illuminate\\View\\Middleware\\ShareErrorsFromSession->handle()
#15 /home/drgroupb/public_html/vendor/laravel/framework/src/Illuminate/Session/Middleware/StartSession.php(120): Illuminate\\Pipeline\\Pipeline->{closure:{closure:Illuminate\\Pipeline\\Pipeline::carry():194}:195}()
#16 /home/drgroupb/public_html/vendor/laravel/framework/src/Illuminate/Session/Middleware/StartSession.php(63): Illuminate\\Session\\Middleware\\StartSession->handleStatefulRequest()
#17 /home/drgroupb/public_html/vendor/laravel/framework/src/Illuminate/Pipeline/Pipeline.php(219): Illuminate\\Session\\Middleware\\StartSession->handle()
#18 /home/drgroupb/public_html/vendor/laravel/framework/src/Illuminate/Cookie/Middleware/AddQueuedCookiesToResponse.php(36): Illuminate\\Pipeline\\Pipeline->{closure:{closure:Illuminate\\Pipeline\\Pipeline::carry():194}:195}()
#19 /home/drgroupb/public_html/vendor/laravel/framework/src/Illuminate/Pipeline/Pipeline.php(219): Illuminate\\Cookie\\Middleware\\AddQueuedCookiesToResponse->handle()
#20 /home/drgroupb/public_html/vendor/laravel/framework/src/Illuminate/Cookie/Middleware/EncryptCookies.php(74): Illuminate\\Pipeline\\Pipeline->{closure:{closure:Illuminate\\Pipeline\\Pipeline::carry():194}:195}()
#21 /home/drgroupb/public_html/vendor/laravel/framework/src/Illuminate/Pipeline/Pipeline.php(219): Illuminate\\Cookie\\Middleware\\EncryptCookies->handle()
#22 /home/drgroupb/public_html/vendor/laravel/framework/src/Illuminate/Pipeline/Pipeline.php(137): Illuminate\\Pipeline\\Pipeline->{closure:{closure:Illuminate\\Pipeline\\Pipeline::carry():194}:195}()
#23 /home/drgroupb/public_html/vendor/laravel/framework/src/Illuminate/Routing/Router.php(821): Illuminate\\Pipeline\\Pipeline->then()
#24 /home/drgroupb/public_html/vendor/laravel/framework/src/Illuminate/Routing/Router.php(800): Illuminate\\Routing\\Router->runRouteWithinStack()
#25 /home/drgroupb/public_html/vendor/laravel/framework/src/Illuminate/Routing/Router.php(764): Illuminate\\Routing\\Router->runRoute()
#26 /home/drgroupb/public_html/vendor/laravel/framework/src/Illuminate/Routing/Router.php(753): Illuminate\\Routing\\Router->dispatchToRoute()
#27 /home/drgroupb/public_html/vendor/laravel/framework/src/Illuminate/Foundation/Http/Kernel.php(200): Illuminate\\Routing\\Router->dispatch()
#28 /home/drgroupb/public_html/vendor/laravel/framework/src/Illuminate/Pipeline/Pipeline.php(180): Illuminate\\Foundation\\Http\\Kernel->{closure:Illuminate\\Foundation\\Http\\Kernel::dispatchToRouter():197}()
#29 /home/drgroupb/public_html/vendor/laravel/framework/src/Illuminate/Foundation/Http/Middleware/TransformsRequest.php(21): Illuminate\\Pipeline\\Pipeline->{closure:Illuminate\\Pipeline\\Pipeline::prepareDestination():178}()
#30 /home/drgroupb/public_html/vendor/laravel/framework/src/Illuminate/Foundation/Http/Middleware/ConvertEmptyStringsToNull.php(31): Illuminate\\Foundation\\Http\\Middleware\\TransformsRequest->handle()
#31 /home/drgroupb/public_html/vendor/laravel/framework/src/Illuminate/Pipeline/Pipeline.php(219): Illuminate\\Foundation\\Http\\Middleware\\ConvertEmptyStringsToNull->handle()
#32 /home/drgroupb/public_html/vendor/laravel/framework/src/Illuminate/Foundation/Http/Middleware/TransformsRequest.php(21): Illuminate\\Pipeline\\Pipeline->{closure:{closure:Illuminate\\Pipeline\\Pipeline::carry():194}:195}()
#33 /home/drgroupb/public_html/vendor/laravel/framework/src/Illuminate/Foundation/Http/Middleware/TrimStrings.php(51): Illuminate\\Foundation\\Http\\Middleware\\TransformsRequest->handle()
#34 /home/drgroupb/public_html/vendor/laravel/framework/src/Illuminate/Pipeline/Pipeline.php(219): Illuminate\\Foundation\\Http\\Middleware\\TrimStrings->handle()
#35 /home/drgroupb/public_html/vendor/laravel/framework/src/Illuminate/Http/Middleware/ValidatePostSize.php(27): Illuminate\\Pipeline\\Pipeline->{closure:{closure:Illuminate\\Pipeline\\Pipeline::carry():194}:195}()
#36 /home/drgroupb/public_html/vendor/laravel/framework/src/Illuminate/Pipeline/Pipeline.php(219): Illuminate\\Http\\Middleware\\ValidatePostSize->handle()
#37 /home/drgroupb/public_html/vendor/laravel/framework/src/Illuminate/Foundation/Http/Middleware/PreventRequestsDuringMaintenance.php(110): Illuminate\\Pipeline\\Pipeline->{closure:{closure:Illuminate\\Pipeline\\Pipeline::carry():194}:195}()
#38 /home/drgroupb/public_html/vendor/laravel/framework/src/Illuminate/Pipeline/Pipeline.php(219): Illuminate\\Foundation\\Http\\Middleware\\PreventRequestsDuringMaintenance->handle()
#39 /home/drgroupb/public_html/vendor/laravel/framework/src/Illuminate/Http/Middleware/HandleCors.php(61): Illuminate\\Pipeline\\Pipeline->{closure:{closure:Illuminate\\Pipeline\\Pipeline::carry():194}:195}()
#40 /home/drgroupb/public_html/vendor/laravel/framework/src/Illuminate/Pipeline/Pipeline.php(219): Illuminate\\Http\\Middleware\\HandleCors->handle()
#41 /home/drgroupb/public_html/vendor/laravel/framework/src/Illuminate/Http/Middleware/TrustProxies.php(58): Illuminate\\Pipeline\\Pipeline->{closure:{closure:Illuminate\\Pipeline\\Pipeline::carry():194}:195}()
#42 /home/drgroupb/public_html/vendor/laravel/framework/src/Illuminate/Pipeline/Pipeline.php(219): Illuminate\\Http\\Middleware\\TrustProxies->handle()
#43 /home/drgroupb/public_html/vendor/laravel/framework/src/Illuminate/Foundation/Http/Middleware/InvokeDeferredCallbacks.php(22): Illuminate\\Pipeline\\Pipeline->{closure:{closure:Illuminate\\Pipeline\\Pipeline::carry():194}:195}()
#44 /home/drgroupb/public_html/vendor/laravel/framework/src/Illuminate/Pipeline/Pipeline.php(219): Illuminate\\Foundation\\Http\\Middleware\\InvokeDeferredCallbacks->handle()
#45 /home/drgroupb/public_html/vendor/laravel/framework/src/Illuminate/Http/Middleware/ValidatePathEncoding.php(28): Illuminate\\Pipeline\\Pipeline->{closure:{closure:Illuminate\\Pipeline\\Pipeline::carry():194}:195}()
#46 /home/drgroupb/public_html/vendor/laravel/framework/src/Illuminate/Pipeline/Pipeline.php(219): Illuminate\\Http\\Middleware\\ValidatePathEncoding->handle()
#47 /home/drgroupb/public_html/vendor/laravel/framework/src/Illuminate/Pipeline/Pipeline.php(137): Illuminate\\Pipeline\\Pipeline->{closure:{closure:Illuminate\\Pipeline\\Pipeline::carry():194}:195}()
#48 /home/drgroupb/public_html/vendor/laravel/framework/src/Illuminate/Foundation/Http/Kernel.php(175): Illuminate\\Pipeline\\Pipeline->then()
#49 /home/drgroupb/public_html/vendor/laravel/framework/src/Illuminate/Foundation/Http/Kernel.php(144): Illuminate\\Foundation\\Http\\Kernel->sendRequestThroughRouter()
#50 /home/drgroupb/public_html/vendor/laravel/framework/src/Illuminate/Foundation/Application.php(1227): Illuminate\\Foundation\\Http\\Kernel->handle()
#51 /home/drgroupb/public_html/index.php(31): Illuminate\\Foundation\\Application->handleRequest()
#52 {main}
"} 
[2026-09-16 17:15:00] production.ERROR: View [home] not found. {"exception":"[object] (InvalidArgumentException(code: 0): View [home] not found. at /home/drgroupb/public_html/vendor/laravel/framework/src/Illuminate/View/FileViewFinder.php:138)
[stacktrace]
#0 /home/drgroupb/public_html/vendor/laravel/framework/src/Illuminate/View/FileViewFinder.php(78): Illuminate\\View\\FileViewFinder->findInPaths()
#1 /home/drgroupb/public_html/vendor/laravel/framework/src/Illuminate/View/Factory.php(150): Illuminate\\View\\FileViewFinder->find()
#2 /home/drgroupb/public_html/vendor/laravel/framework/src/Illuminate/Foundation/helpers.php(1101): Illuminate\\View\\Factory->make()
#3 /home/drgroupb/public_html/app/Http/Controllers/HomeController.php(27): view()
#4 /home/drgroupb/public_html/vendor/laravel/framework/src/Illuminate/Routing/ControllerDispatcher.php(46): App\\Http\\Controllers\\HomeController->index()
#5 /home/drgroupb/public_html/vendor/laravel/framework/src/Illuminate/Routing/Route.php(276): Illuminate\\Routing\\ControllerDispatcher->dispatch()
#6 /home/drgroupb/public_html/vendor/laravel/framework/src/Illuminate/Routing/Route.php(216): Illuminate\\Routing\\Route->runController()
#7 /home/drgroupb/public_html/vendor/laravel/framework/src/Illuminate/Routing/Router.php(822): Illuminate\\Routing\\Route->run()
#8 /home/drgroupb/public_html/vendor/laravel/framework/src/Illuminate/Pipeline/Pipeline.php(180): Illuminate\\Routing\\Router->{closure:Illuminate\\Routing\\Router::runRouteWithinStack():821}()
#9 /home/drgroupb/public_html/vendor/laravel/framework/src/Illuminate/Routing/Middleware/SubstituteBindings.php(52): Illuminate\\Pipeline\\Pipeline->{closure:Illuminate\\Pipeline\\Pipeline::prepareDestination():178}()
#10 /home/drgroupb/public_html/vendor/laravel/framework/src/Illuminate/Pipeline/Pipeline.php(219): Illuminate\\Routing\\Middleware\\SubstituteBindings->handle()
#11 /home/drgroupb/public_html/vendor/laravel/framework/src/Illuminate/Foundation/Http/Middleware/PreventRequestForgery.php(104): Illuminate\\Pipeline\\Pipeline->{closure:{closure:Illuminate\\Pipeline\\Pipeline::carry():194}:195}()
#12 /home/drgroupb/public_html/vendor/laravel/framework/src/Illuminate/Pipeline/Pipeline.php(219): Illuminate\\Foundation\\Http\\Middleware\\PreventRequestForgery->handle()
#13 /home/drgroupb/public_html/vendor/laravel/framework/src/Illuminate/View/Middleware/ShareErrorsFromSession.php(48): Illuminate\\Pipeline\\Pipeline->{closure:{closure:Illuminate\\Pipeline\\Pipeline::carry():194}:195}()
#14 /home/drgroupb/public_html/vendor/laravel/framework/src/Illuminate/Pipeline/Pipeline.php(219): Illuminate\\View\\Middleware\\ShareErrorsFromSession->handle()
#15 /home/drgroupb/public_html/vendor/laravel/framework/src/Illuminate/Session/Middleware/StartSession.php(120): Illuminate\\Pipeline\\Pipeline->{closure:{closure:Illuminate\\Pipeline\\Pipeline::carry():194}:195}()
#16 /home/drgroupb/public_html/vendor/laravel/framework/src/Illuminate/Session/Middleware/StartSession.php(63): Illuminate\\Session\\Middleware\\StartSession->handleStatefulRequest()
#17 /home/drgroupb/public_html/vendor/laravel/framework/src/Illuminate/Pipeline/Pipeline.php(219): Illuminate\\Session\\Middleware\\StartSession->handle()
#18 /home/drgroupb/public_html/vendor/laravel/framework/src/Illuminate/Cookie/Middleware/AddQueuedCookiesToResponse.php(36): Illuminate\\Pipeline\\Pipeline->{closure:{closure:Illuminate\\Pipeline\\Pipeline::carry():194}:195}()
#19 /home/drgroupb/public_html/vendor/laravel/framework/src/Illuminate/Pipeline/Pipeline.php(219): Illuminate\\Cookie\\Middleware\\AddQueuedCookiesToResponse->handle()
#20 /home/drgroupb/public_html/vendor/laravel/framework/src/Illuminate/Cookie/Middleware/EncryptCookies.php(74): Illuminate\\Pipeline\\Pipeline->{closure:{closure:Illuminate\\Pipeline\\Pipeline::carry():194}:195}()
#21 /home/drgroupb/public_html/vendor/laravel/framework/src/Illuminate/Pipeline/Pipeline.php(219): Illuminate\\Cookie\\Middleware\\EncryptCookies->handle()
#22 /home/drgroupb/public_html/vendor/laravel/framework/src/Illuminate/Pipeline/Pipeline.php(137): Illuminate\\Pipeline\\Pipeline->{closure:{closure:Illuminate\\Pipeline\\Pipeline::carry():194}:195}()
#23 /home/drgroupb/public_html/vendor/laravel/framework/src/Illuminate/Routing/Router.php(821): Illuminate\\Pipeline\\Pipeline->then()
#24 /home/drgroupb/public_html/vendor/laravel/framework/src/Illuminate/Routing/Router.php(800): Illuminate\\Routing\\Router->runRouteWithinStack()
#25 /home/drgroupb/public_html/vendor/laravel/framework/src/Illuminate/Routing/Router.php(764): Illuminate\\Routing\\Router->runRoute()
#26 /home/drgroupb/public_html/vendor/laravel/framework/src/Illuminate/Routing/Router.php(753): Illuminate\\Routing\\Router->dispatchToRoute()
#27 /home/drgroupb/public_html/vendor/laravel/framework/src/Illuminate/Foundation/Http/Kernel.php(200): Illuminate\\Routing\\Router->dispatch()
#28 /home/drgroupb/public_html/vendor/laravel/framework/src/Illuminate/Pipeline/Pipeline.php(180): Illuminate\\Foundation\\Http\\Kernel->{closure:Illuminate\\Foundation\\Http\\Kernel::dispatchToRouter():197}()
#29 /home/drgroupb/public_html/vendor/laravel/framework/src/Illuminate/Foundation/Http/Middleware/TransformsRequest.php(21): Illuminate\\Pipeline\\Pipeline->{closure:Illuminate\\Pipeline\\Pipeline::prepareDestination():178}()
#30 /home/drgroupb/public_html/vendor/laravel/framework/src/Illuminate/Foundation/Http/Middleware/ConvertEmptyStringsToNull.php(31): Illuminate\\Foundation\\Http\\Middleware\\TransformsRequest->handle()
#31 /home/drgroupb/public_html/vendor/laravel/framework/src/Illuminate/Pipeline/Pipeline.php(219): Illuminate\\Foundation\\Http\\Middleware\\ConvertEmptyStringsToNull->handle()
#32 /home/drgroupb/public_html/vendor/laravel/framework/src/Illuminate/Foundation/Http/Middleware/TransformsRequest.php(21): Illuminate\\Pipeline\\Pipeline->{closure:{closure:Illuminate\\Pipeline\\Pipeline::carry():194}:195}()
#33 /home/drgroupb/public_html/vendor/laravel/framework/src/Illuminate/Foundation/Http/Middleware/TrimStrings.php(51): Illuminate\\Foundation\\Http\\Middleware\\TransformsRequest->handle()
#34 /home/drgroupb/public_html/vendor/laravel/framework/src/Illuminate/Pipeline/Pipeline.php(219): Illuminate\\Foundation\\Http\\Middleware\\TrimStrings->handle()
#35 /home/drgroupb/public_html/vendor/laravel/framework/src/Illuminate/Http/Middleware/ValidatePostSize.php(27): Illuminate\\Pipeline\\Pipeline->{closure:{closure:Illuminate\\Pipeline\\Pipeline::carry():194}:195}()
#36 /home/drgroupb/public_html/vendor/laravel/framework/src/Illuminate/Pipeline/Pipeline.php(219): Illuminate\\Http\\Middleware\\ValidatePostSize->handle()
#37 /home/drgroupb/public_html/vendor/laravel/framework/src/Illuminate/Foundation/Http/Middleware/PreventRequestsDuringMaintenance.php(110): Illuminate\\Pipeline\\Pipeline->{closure:{closure:Illuminate\\Pipeline\\Pipeline::carry():194}:195}()
#38 /home/drgroupb/public_html/vendor/laravel/framework/src/Illuminate/Pipeline/Pipeline.php(219): Illuminate\\Foundation\\Http\\Middleware\\PreventRequestsDuringMaintenance->handle()
#39 /home/drgroupb/public_html/vendor/laravel/framework/src/Illuminate/Http/Middleware/HandleCors.php(61): Illuminate\\Pipeline\\Pipeline->{closure:{closure:Illuminate\\Pipeline\\Pipeline::carry():194}:195}()
#40 /home/drgroupb/public_html/vendor/laravel/framework/src/Illuminate/Pipeline/Pipeline.php(219): Illuminate\\Http\\Middleware\\HandleCors->handle()
#41 /home/drgroupb/public_html/vendor/laravel/framework/src/Illuminate/Http/Middleware/TrustProxies.php(58): Illuminate\\Pipeline\\Pipeline->{closure:{closure:Illuminate\\Pipeline\\Pipeline::carry():194}:195}()
#42 /home/drgroupb/public_html/vendor/laravel/framework/src/Illuminate/Pipeline/Pipeline.php(219): Illuminate\\Http\\Middleware\\TrustProxies->handle()
#43 /home/drgroupb/public_html/vendor/laravel/framework/src/Illuminate/Foundation/Http/Middleware/InvokeDeferredCallbacks.php(22): Illuminate\\Pipeline\\Pipeline->{closure:{closure:Illuminate\\Pipeline\\Pipeline::carry():194}:195}()
#44 /home/drgroupb/public_html/vendor/laravel/framework/src/Illuminate/Pipeline/Pipeline.php(219): Illuminate\\Foundation\\Http\\Middleware\\InvokeDeferredCallbacks->handle()
#45 /home/drgroupb/public_html/vendor/laravel/framework/src/Illuminate/Http/Middleware/ValidatePathEncoding.php(28): Illuminate\\Pipeline\\Pipeline->{closure:{closure:Illuminate\\Pipeline\\Pipeline::carry():194}:195}()
#46 /home/drgroupb/public_html/vendor/laravel/framework/src/Illuminate/Pipeline/Pipeline.php(219): Illuminate\\Http\\Middleware\\ValidatePathEncoding->handle()
#47 /home/drgroupb/public_html/vendor/laravel/framework/src/Illuminate/Pipeline/Pipeline.php(137): Illuminate\\Pipeline\\Pipeline->{closure:{closure:Illuminate\\Pipeline\\Pipeline::carry():194}:195}()
#48 /home/drgroupb/public_html/vendor/laravel/framework/src/Illuminate/Foundation/Http/Kernel.php(175): Illuminate\\Pipeline\\Pipeline->then()
#49 /home/drgroupb/public_html/vendor/laravel/framework/src/Illuminate/Foundation/Http/Kernel.php(144): Illuminate\\Foundation\\Http\\Kernel->sendRequestThroughRouter()
#50 /home/drgroupb/public_html/vendor/laravel/framework/src/Illuminate/Foundation/Application.php(1227): Illuminate\\Foundation\\Http\\Kernel->handle()
#51 /home/drgroupb/public_html/index.php(31): Illuminate\\Foundation\\Application->handleRequest()
#52 {main}
"} 
[2026-09-16 17:15:02] production.ERROR: View [home] not found. {"exception":"[object] (InvalidArgumentException(code: 0): View [home] not found. at /home/drgroupb/public_html/vendor/laravel/framework/src/Illuminate/View/FileViewFinder.php:138)
[stacktrace]
#0 /home/drgroupb/public_html/vendor/laravel/framework/src/Illuminate/View/FileViewFinder.php(78): Illuminate\\View\\FileViewFinder->findInPaths()
#1 /home/drgroupb/public_html/vendor/laravel/framework/src/Illuminate/View/Factory.php(150): Illuminate\\View\\FileViewFinder->find()
#2 /home/drgroupb/public_html/vendor/laravel/framework/src/Illuminate/Foundation/helpers.php(1101): Illuminate\\View\\Factory->make()
#3 /home/drgroupb/public_html/app/Http/Controllers/HomeController.php(27): view()
#4 /home/drgroupb/public_html/vendor/laravel/framework/src/Illuminate/Routing/ControllerDispatcher.php(46): App\\Http\\Controllers\\HomeController->index()
#5 /home/drgroupb/public_html/vendor/laravel/framework/src/Illuminate/Routing/Route.php(276): Illuminate\\Routing\\ControllerDispatcher->dispatch()
#6 /home/drgroupb/public_html/vendor/laravel/framework/src/Illuminate/Routing/Route.php(216): Illuminate\\Routing\\Route->runController()
#7 /home/drgroupb/public_html/vendor/laravel/framework/src/Illuminate/Routing/Router.php(822): Illuminate\\Routing\\Route->run()
#8 /home/drgroupb/public_html/vendor/laravel/framework/src/Illuminate/Pipeline/Pipeline.php(180): Illuminate\\Routing\\Router->{closure:Illuminate\\Routing\\Router::runRouteWithinStack():821}()
#9 /home/drgroupb/public_html/vendor/laravel/framework/src/Illuminate/Routing/Middleware/SubstituteBindings.php(52): Illuminate\\Pipeline\\Pipeline->{closure:Illuminate\\Pipeline\\Pipeline::prepareDestination():178}()
#10 /home/drgroupb/public_html/vendor/laravel/framework/src/Illuminate/Pipeline/Pipeline.php(219): Illuminate\\Routing\\Middleware\\SubstituteBindings->handle()
#11 /home/drgroupb/public_html/vendor/laravel/framework/src/Illuminate/Foundation/Http/Middleware/PreventRequestForgery.php(104): Illuminate\\Pipeline\\Pipeline->{closure:{closure:Illuminate\\Pipeline\\Pipeline::carry():194}:195}()
#12 /home/drgroupb/public_html/vendor/laravel/framework/src/Illuminate/Pipeline/Pipeline.php(219): Illuminate\\Foundation\\Http\\Middleware\\PreventRequestForgery->handle()
#13 /home/drgroupb/public_html/vendor/laravel/framework/src/Illuminate/View/Middleware/ShareErrorsFromSession.php(48): Illuminate\\Pipeline\\Pipeline->{closure:{closure:Illuminate\\Pipeline\\Pipeline::carry():194}:195}()
#14 /home/drgroupb/public_html/vendor/laravel/framework/src/Illuminate/Pipeline/Pipeline.php(219): Illuminate\\View\\Middleware\\ShareErrorsFromSession->handle()
#15 /home/drgroupb/public_html/vendor/laravel/framework/src/Illuminate/Session/Middleware/StartSession.php(120): Illuminate\\Pipeline\\Pipeline->{closure:{closure:Illuminate\\Pipeline\\Pipeline::carry():194}:195}()
#16 /home/drgroupb/public_html/vendor/laravel/framework/src/Illuminate/Session/Middleware/StartSession.php(63): Illuminate\\Session\\Middleware\\StartSession->handleStatefulRequest()
#17 /home/drgroupb/public_html/vendor/laravel/framework/src/Illuminate/Pipeline/Pipeline.php(219): Illuminate\\Session\\Middleware\\StartSession->handle()
#18 /home/drgroupb/public_html/vendor/laravel/framework/src/Illuminate/Cookie/Middleware/AddQueuedCookiesToResponse.php(36): Illuminate\\Pipeline\\Pipeline->{closure:{closure:Illuminate\\Pipeline\\Pipeline::carry():194}:195}()
#19 /home/drgroupb/public_html/vendor/laravel/framework/src/Illuminate/Pipeline/Pipeline.php(219): Illuminate\\Cookie\\Middleware\\AddQueuedCookiesToResponse->handle()
#20 /home/drgroupb/public_html/vendor/laravel/framework/src/Illuminate/Cookie/Middleware/EncryptCookies.php(74): Illuminate\\Pipeline\\Pipeline->{closure:{closure:Illuminate\\Pipeline\\Pipeline::carry():194}:195}()
#21 /home/drgroupb/public_html/vendor/laravel/framework/src/Illuminate/Pipeline/Pipeline.php(219): Illuminate\\Cookie\\Middleware\\EncryptCookies->handle()
#22 /home/drgroupb/public_html/vendor/laravel/framework/src/Illuminate/Pipeline/Pipeline.php(137): Illuminate\\Pipeline\\Pipeline->{closure:{closure:Illuminate\\Pipeline\\Pipeline::carry():194}:195}()
#23 /home/drgroupb/public_html/vendor/laravel/framework/src/Illuminate/Routing/Router.php(821): Illuminate\\Pipeline\\Pipeline->then()
#24 /home/drgroupb/public_html/vendor/laravel/framework/src/Illuminate/Routing/Router.php(800): Illuminate\\Routing\\Router->runRouteWithinStack()
#25 /home/drgroupb/public_html/vendor/laravel/framework/src/Illuminate/Routing/Router.php(764): Illuminate\\Routing\\Router->runRoute()
#26 /home/drgroupb/public_html/vendor/laravel/framework/src/Illuminate/Routing/Router.php(753): Illuminate\\Routing\\Router->dispatchToRoute()
#27 /home/drgroupb/public_html/vendor/laravel/framework/src/Illuminate/Foundation/Http/Kernel.php(200): Illuminate\\Routing\\Router->dispatch()
#28 /home/drgroupb/public_html/vendor/laravel/framework/src/Illuminate/Pipeline/Pipeline.php(180): Illuminate\\Foundation\\Http\\Kernel->{closure:Illuminate\\Foundation\\Http\\Kernel::dispatchToRouter():197}()
#29 /home/drgroupb/public_html/vendor/laravel/framework/src/Illuminate/Foundation/Http/Middleware/TransformsRequest.php(21): Illuminate\\Pipeline\\Pipeline->{closure:Illuminate\\Pipeline\\Pipeline::prepareDestination():178}()
#30 /home/drgroupb/public_html/vendor/laravel/framework/src/Illuminate/Foundation/Http/Middleware/ConvertEmptyStringsToNull.php(31): Illuminate\\Foundation\\Http\\Middleware\\TransformsRequest->handle()
#31 /home/drgroupb/public_html/vendor/laravel/framework/src/Illuminate/Pipeline/Pipeline.php(219): Illuminate\\Foundation\\Http\\Middleware\\ConvertEmptyStringsToNull->handle()
#32 /home/drgroupb/public_html/vendor/laravel/framework/src/Illuminate/Foundation/Http/Middleware/TransformsRequest.php(21): Illuminate\\Pipeline\\Pipeline->{closure:{closure:Illuminate\\Pipeline\\Pipeline::carry():194}:195}()
#33 /home/drgroupb/public_html/vendor/laravel/framework/src/Illuminate/Foundation/Http/Middleware/TrimStrings.php(51): Illuminate\\Foundation\\Http\\Middleware\\TransformsRequest->handle()
#34 /home/drgroupb/public_html/vendor/laravel/framework/src/Illuminate/Pipeline/Pipeline.php(219): Illuminate\\Foundation\\Http\\Middleware\\TrimStrings->handle()
#35 /home/drgroupb/public_html/vendor/laravel/framework/src/Illuminate/Http/Middleware/ValidatePostSize.php(27): Illuminate\\Pipeline\\Pipeline->{closure:{closure:Illuminate\\Pipeline\\Pipeline::carry():194}:195}()
#36 /home/drgroupb/public_html/vendor/laravel/framework/src/Illuminate/Pipeline/Pipeline.php(219): Illuminate\\Http\\Middleware\\ValidatePostSize->handle()
#37 /home/drgroupb/public_html/vendor/laravel/framework/src/Illuminate/Foundation/Http/Middleware/PreventRequestsDuringMaintenance.php(110): Illuminate\\Pipeline\\Pipeline->{closure:{closure:Illuminate\\Pipeline\\Pipeline::carry():194}:195}()
#38 /home/drgroupb/public_html/vendor/laravel/framework/src/Illuminate/Pipeline/Pipeline.php(219): Illuminate\\Foundation\\Http\\Middleware\\PreventRequestsDuringMaintenance->handle()
#39 /home/drgroupb/public_html/vendor/laravel/framework/src/Illuminate/Http/Middleware/HandleCors.php(61): Illuminate\\Pipeline\\Pipeline->{closure:{closure:Illuminate\\Pipeline\\Pipeline::carry():194}:195}()
#40 /home/drgroupb/public_html/vendor/laravel/framework/src/Illuminate/Pipeline/Pipeline.php(219): Illuminate\\Http\\Middleware\\HandleCors->handle()
#41 /home/drgroupb/public_html/vendor/laravel/framework/src/Illuminate/Http/Middleware/TrustProxies.php(58): Illuminate\\Pipeline\\Pipeline->{closure:{closure:Illuminate\\Pipeline\\Pipeline::carry():194}:195}()
#42 /home/drgroupb/public_html/vendor/laravel/framework/src/Illuminate/Pipeline/Pipeline.php(219): Illuminate\\Http\\Middleware\\TrustProxies->handle()
#43 /home/drgroupb/public_html/vendor/laravel/framework/src/Illuminate/Foundation/Http/Middleware/InvokeDeferredCallbacks.php(22): Illuminate\\Pipeline\\Pipeline->{closure:{closure:Illuminate\\Pipeline\\Pipeline::carry():194}:195}()
#44 /home/drgroupb/public_html/vendor/laravel/framework/src/Illuminate/Pipeline/Pipeline.php(219): Illuminate\\Foundation\\Http\\Middleware\\InvokeDeferredCallbacks->handle()
#45 /home/drgroupb/public_html/vendor/laravel/framework/src/Illuminate/Http/Middleware/ValidatePathEncoding.php(28): Illuminate\\Pipeline\\Pipeline->{closure:{closure:Illuminate\\Pipeline\\Pipeline::carry():194}:195}()
#46 /home/drgroupb/public_html/vendor/laravel/framework/src/Illuminate/Pipeline/Pipeline.php(219): Illuminate\\Http\\Middleware\\ValidatePathEncoding->handle()
#47 /home/drgroupb/public_html/vendor/laravel/framework/src/Illuminate/Pipeline/Pipeline.php(137): Illuminate\\Pipeline\\Pipeline->{closure:{closure:Illuminate\\Pipeline\\Pipeline::carry():194}:195}()
#48 /home/drgroupb/public_html/vendor/laravel/framework/src/Illuminate/Foundation/Http/Kernel.php(175): Illuminate\\Pipeline\\Pipeline->then()
#49 /home/drgroupb/public_html/vendor/laravel/framework/src/Illuminate/Foundation/Http/Kernel.php(144): Illuminate\\Foundation\\Http\\Kernel->sendRequestThroughRouter()
#50 /home/drgroupb/public_html/vendor/laravel/framework/src/Illuminate/Foundation/Application.php(1227): Illuminate\\Foundation\\Http\\Kernel->handle()
#51 /home/drgroupb/public_html/index.php(31): Illuminate\\Foundation\\Application->handleRequest()
#52 {main}
"} 
[2026-09-16 17:15:03] production.ERROR: View [home] not found. {"exception":"[object] (InvalidArgumentException(code: 0): View [home] not found. at /home/drgroupb/public_html/vendor/laravel/framework/src/Illuminate/View/FileViewFinder.php:138)
[stacktrace]
#0 /home/drgroupb/public_html/vendor/laravel/framework/src/Illuminate/View/FileViewFinder.php(78): Illuminate\\View\\FileViewFinder->findInPaths()
#1 /home/drgroupb/public_html/vendor/laravel/framework/src/Illuminate/View/Factory.php(150): Illuminate\\View\\FileViewFinder->find()
#2 /home/drgroupb/public_html/vendor/laravel/framework/src/Illuminate/Foundation/helpers.php(1101): Illuminate\\View\\Factory->make()
#3 /home/drgroupb/public_html/app/Http/Controllers/HomeController.php(27): view()
#4 /home/drgroupb/public_html/vendor/laravel/framework/src/Illuminate/Routing/ControllerDispatcher.php(46): App\\Http\\Controllers\\HomeController->index()
#5 /home/drgroupb/public_html/vendor/laravel/framework/src/Illuminate/Routing/Route.php(276): Illuminate\\Routing\\ControllerDispatcher->dispatch()
#6 /home/drgroupb/public_html/vendor/laravel/framework/src/Illuminate/Routing/Route.php(216): Illuminate\\Routing\\Route->runController()
#7 /home/drgroupb/public_html/vendor/laravel/framework/src/Illuminate/Routing/Router.php(822): Illuminate\\Routing\\Route->run()
#8 /home/drgroupb/public_html/vendor/laravel/framework/src/Illuminate/Pipeline/Pipeline.php(180): Illuminate\\Routing\\Router->{closure:Illuminate\\Routing\\Router::runRouteWithinStack():821}()
#9 /home/drgroupb/public_html/vendor/laravel/framework/src/Illuminate/Routing/Middleware/SubstituteBindings.php(52): Illuminate\\Pipeline\\Pipeline->{closure:Illuminate\\Pipeline\\Pipeline::prepareDestination():178}()
#10 /home/drgroupb/public_html/vendor/laravel/framework/src/Illuminate/Pipeline/Pipeline.php(219): Illuminate\\Routing\\Middleware\\SubstituteBindings->handle()
#11 /home/drgroupb/public_html/vendor/laravel/framework/src/Illuminate/Foundation/Http/Middleware/PreventRequestForgery.php(104): Illuminate\\Pipeline\\Pipeline->{closure:{closure:Illuminate\\Pipeline\\Pipeline::carry():194}:195}()
#12 /home/drgroupb/public_html/vendor/laravel/framework/src/Illuminate/Pipeline/Pipeline.php(219): Illuminate\\Foundation\\Http\\Middleware\\PreventRequestForgery->handle()
#13 /home/drgroupb/public_html/vendor/laravel/framework/src/Illuminate/View/Middleware/ShareErrorsFromSession.php(48): Illuminate\\Pipeline\\Pipeline->{closure:{closure:Illuminate\\Pipeline\\Pipeline::carry():194}:195}()
#14 /home/drgroupb/public_html/vendor/laravel/framework/src/Illuminate/Pipeline/Pipeline.php(219): Illuminate\\View\\Middleware\\ShareErrorsFromSession->handle()
#15 /home/drgroupb/public_html/vendor/laravel/framework/src/Illuminate/Session/Middleware/StartSession.php(120): Illuminate\\Pipeline\\Pipeline->{closure:{closure:Illuminate\\Pipeline\\Pipeline::carry():194}:195}()
#16 /home/drgroupb/public_html/vendor/laravel/framework/src/Illuminate/Session/Middleware/StartSession.php(63): Illuminate\\Session\\Middleware\\StartSession->handleStatefulRequest()
#17 /home/drgroupb/public_html/vendor/laravel/framework/src/Illuminate/Pipeline/Pipeline.php(219): Illuminate\\Session\\Middleware\\StartSession->handle()
#18 /home/drgroupb/public_html/vendor/laravel/framework/src/Illuminate/Cookie/Middleware/AddQueuedCookiesToResponse.php(36): Illuminate\\Pipeline\\Pipeline->{closure:{closure:Illuminate\\Pipeline\\Pipeline::carry():194}:195}()
#19 /home/drgroupb/public_html/vendor/laravel/framework/src/Illuminate/Pipeline/Pipeline.php(219): Illuminate\\Cookie\\Middleware\\AddQueuedCookiesToResponse->handle()
#20 /home/drgroupb/public_html/vendor/laravel/framework/src/Illuminate/Cookie/Middleware/EncryptCookies.php(74): Illuminate\\Pipeline\\Pipeline->{closure:{closure:Illuminate\\Pipeline\\Pipeline::carry():194}:195}()
#21 /home/drgroupb/public_html/vendor/laravel/framework/src/Illuminate/Pipeline/Pipeline.php(219): Illuminate\\Cookie\\Middleware\\EncryptCookies->handle()
#22 /home/drgroupb/public_html/vendor/laravel/framework/src/Illuminate/Pipeline/Pipeline.php(137): Illuminate\\Pipeline\\Pipeline->{closure:{closure:Illuminate\\Pipeline\\Pipeline::carry():194}:195}()
#23 /home/drgroupb/public_html/vendor/laravel/framework/src/Illuminate/Routing/Router.php(821): Illuminate\\Pipeline\\Pipeline->then()
#24 /home/drgroupb/public_html/vendor/laravel/framework/src/Illuminate/Routing/Router.php(800): Illuminate\\Routing\\Router->runRouteWithinStack()
#25 /home/drgroupb/public_html/vendor/laravel/framework/src/Illuminate/Routing/Router.php(764): Illuminate\\Routing\\Router->runRoute()
#26 /home/drgroupb/public_html/vendor/laravel/framework/src/Illuminate/Routing/Router.php(753): Illuminate\\Routing\\Router->dispatchToRoute()
#27 /home/drgroupb/public_html/vendor/laravel/framework/src/Illuminate/Foundation/Http/Kernel.php(200): Illuminate\\Routing\\Router->dispatch()
#28 /home/drgroupb/public_html/vendor/laravel/framework/src/Illuminate/Pipeline/Pipeline.php(180): Illuminate\\Foundation\\Http\\Kernel->{closure:Illuminate\\Foundation\\Http\\Kernel::dispatchToRouter():197}()
#29 /home/drgroupb/public_html/vendor/laravel/framework/src/Illuminate/Foundation/Http/Middleware/TransformsRequest.php(21): Illuminate\\Pipeline\\Pipeline->{closure:Illuminate\\Pipeline\\Pipeline::prepareDestination():178}()
#30 /home/drgroupb/public_html/vendor/laravel/framework/src/Illuminate/Foundation/Http/Middleware/ConvertEmptyStringsToNull.php(31): Illuminate\\Foundation\\Http\\Middleware\\TransformsRequest->handle()
#31 /home/drgroupb/public_html/vendor/laravel/framework/src/Illuminate/Pipeline/Pipeline.php(219): Illuminate\\Foundation\\Http\\Middleware\\ConvertEmptyStringsToNull->handle()
#32 /home/drgroupb/public_html/vendor/laravel/framework/src/Illuminate/Foundation/Http/Middleware/TransformsRequest.php(21): Illuminate\\Pipeline\\Pipeline->{closure:{closure:Illuminate\\Pipeline\\Pipeline::carry():194}:195}()
#33 /home/drgroupb/public_html/vendor/laravel/framework/src/Illuminate/Foundation/Http/Middleware/TrimStrings.php(51): Illuminate\\Foundation\\Http\\Middleware\\TransformsRequest->handle()
#34 /home/drgroupb/public_html/vendor/laravel/framework/src/Illuminate/Pipeline/Pipeline.php(219): Illuminate\\Foundation\\Http\\Middleware\\TrimStrings->handle()
#35 /home/drgroupb/public_html/vendor/laravel/framework/src/Illuminate/Http/Middleware/ValidatePostSize.php(27): Illuminate\\Pipeline\\Pipeline->{closure:{closure:Illuminate\\Pipeline\\Pipeline::carry():194}:195}()
#36 /home/drgroupb/public_html/vendor/laravel/framework/src/Illuminate/Pipeline/Pipeline.php(219): Illuminate\\Http\\Middleware\\ValidatePostSize->handle()
#37 /home/drgroupb/public_html/vendor/laravel/framework/src/Illuminate/Foundation/Http/Middleware/PreventRequestsDuringMaintenance.php(110): Illuminate\\Pipeline\\Pipeline->{closure:{closure:Illuminate\\Pipeline\\Pipeline::carry():194}:195}()
#38 /home/drgroupb/public_html/vendor/laravel/framework/src/Illuminate/Pipeline/Pipeline.php(219): Illuminate\\Foundation\\Http\\Middleware\\PreventRequestsDuringMaintenance->handle()
#39 /home/drgroupb/public_html/vendor/laravel/framework/src/Illuminate/Http/Middleware/HandleCors.php(61): Illuminate\\Pipeline\\Pipeline->{closure:{closure:Illuminate\\Pipeline\\Pipeline::carry():194}:195}()
#40 /home/drgroupb/public_html/vendor/laravel/framework/src/Illuminate/Pipeline/Pipeline.php(219): Illuminate\\Http\\Middleware\\HandleCors->handle()
#41 /home/drgroupb/public_html/vendor/laravel/framework/src/Illuminate/Http/Middleware/TrustProxies.php(58): Illuminate\\Pipeline\\Pipeline->{closure:{closure:Illuminate\\Pipeline\\Pipeline::carry():194}:195}()
#42 /home/drgroupb/public_html/vendor/laravel/framework/src/Illuminate/Pipeline/Pipeline.php(219): Illuminate\\Http\\Middleware\\TrustProxies->handle()
#43 /home/drgroupb/public_html/vendor/laravel/framework/src/Illuminate/Foundation/Http/Middleware/InvokeDeferredCallbacks.php(22): Illuminate\\Pipeline\\Pipeline->{closure:{closure:Illuminate\\Pipeline\\Pipeline::carry():194}:195}()
#44 /home/drgroupb/public_html/vendor/laravel/framework/src/Illuminate/Pipeline/Pipeline.php(219): Illuminate\\Foundation\\Http\\Middleware\\InvokeDeferredCallbacks->handle()
#45 /home/drgroupb/public_html/vendor/laravel/framework/src/Illuminate/Http/Middleware/ValidatePathEncoding.php(28): Illuminate\\Pipeline\\Pipeline->{closure:{closure:Illuminate\\Pipeline\\Pipeline::carry():194}:195}()
#46 /home/drgroupb/public_html/vendor/laravel/framework/src/Illuminate/Pipeline/Pipeline.php(219): Illuminate\\Http\\Middleware\\ValidatePathEncoding->handle()
#47 /home/drgroupb/public_html/vendor/laravel/framework/src/Illuminate/Pipeline/Pipeline.php(137): Illuminate\\Pipeline\\Pipeline->{closure:{closure:Illuminate\\Pipeline\\Pipeline::carry():194}:195}()
#48 /home/drgroupb/public_html/vendor/laravel/framework/src/Illuminate/Foundation/Http/Kernel.php(175): Illuminate\\Pipeline\\Pipeline->then()
#49 /home/drgroupb/public_html/vendor/laravel/framework/src/Illuminate/Foundation/Http/Kernel.php(144): Illuminate\\Foundation\\Http\\Kernel->sendRequestThroughRouter()
#50 /home/drgroupb/public_html/vendor/laravel/framework/src/Illuminate/Foundation/Application.php(1227): Illuminate\\Foundation\\Http\\Kernel->handle()
#51 /home/drgroupb/public_html/index.php(31): Illuminate\\Foundation\\Application->handleRequest()
#52 {main}
"} 
[2026-09-16 17:15:12] production.ERROR: View [home] not found. {"exception":"[object] (InvalidArgumentException(code: 0): View [home] not found. at /home/drgroupb/public_html/vendor/laravel/framework/src/Illuminate/View/FileViewFinder.php:138)
[stacktrace]
#0 /home/drgroupb/public_html/vendor/laravel/framework/src/Illuminate/View/FileViewFinder.php(78): Illuminate\\View\\FileViewFinder->findInPaths()
#1 /home/drgroupb/public_html/vendor/laravel/framework/src/Illuminate/View/Factory.php(150): Illuminate\\View\\FileViewFinder->find()
#2 /home/drgroupb/public_html/vendor/laravel/framework/src/Illuminate/Foundation/helpers.php(1101): Illuminate\\View\\Factory->make()
#3 /home/drgroupb/public_html/app/Http/Controllers/HomeController.php(27): view()
#4 /home/drgroupb/public_html/vendor/laravel/framework/src/Illuminate/Routing/ControllerDispatcher.php(46): App\\Http\\Controllers\\HomeController->index()
#5 /home/drgroupb/public_html/vendor/laravel/framework/src/Illuminate/Routing/Route.php(276): Illuminate\\Routing\\ControllerDispatcher->dispatch()
#6 /home/drgroupb/public_html/vendor/laravel/framework/src/Illuminate/Routing/Route.php(216): Illuminate\\Routing\\Route->runController()
#7 /home/drgroupb/public_html/vendor/laravel/framework/src/Illuminate/Routing/Router.php(822): Illuminate\\Routing\\Route->run()
#8 /home/drgroupb/public_html/vendor/laravel/framework/src/Illuminate/Pipeline/Pipeline.php(180): Illuminate\\Routing\\Router->{closure:Illuminate\\Routing\\Router::runRouteWithinStack():821}()
#9 /home/drgroupb/public_html/vendor/laravel/framework/src/Illuminate/Routing/Middleware/SubstituteBindings.php(52): Illuminate\\Pipeline\\Pipeline->{closure:Illuminate\\Pipeline\\Pipeline::prepareDestination():178}()
#10 /home/drgroupb/public_html/vendor/laravel/framework/src/Illuminate/Pipeline/Pipeline.php(219): Illuminate\\Routing\\Middleware\\SubstituteBindings->handle()
#11 /home/drgroupb/public_html/vendor/laravel/framework/src/Illuminate/Foundation/Http/Middleware/PreventRequestForgery.php(104): Illuminate\\Pipeline\\Pipeline->{closure:{closure:Illuminate\\Pipeline\\Pipeline::carry():194}:195}()
#12 /home/drgroupb/public_html/vendor/laravel/framework/src/Illuminate/Pipeline/Pipeline.php(219): Illuminate\\Foundation\\Http\\Middleware\\PreventRequestForgery->handle()
#13 /home/drgroupb/public_html/vendor/laravel/framework/src/Illuminate/View/Middleware/ShareErrorsFromSession.php(48): Illuminate\\Pipeline\\Pipeline->{closure:{closure:Illuminate\\Pipeline\\Pipeline::carry():194}:195}()
#14 /home/drgroupb/public_html/vendor/laravel/framework/src/Illuminate/Pipeline/Pipeline.php(219): Illuminate\\View\\Middleware\\ShareErrorsFromSession->handle()
#15 /home/drgroupb/public_html/vendor/laravel/framework/src/Illuminate/Session/Middleware/StartSession.php(120): Illuminate\\Pipeline\\Pipeline->{closure:{closure:Illuminate\\Pipeline\\Pipeline::carry():194}:195}()
#16 /home/drgroupb/public_html/vendor/laravel/framework/src/Illuminate/Session/Middleware/StartSession.php(63): Illuminate\\Session\\Middleware\\StartSession->handleStatefulRequest()
#17 /home/drgroupb/public_html/vendor/laravel/framework/src/Illuminate/Pipeline/Pipeline.php(219): Illuminate\\Session\\Middleware\\StartSession->handle()
#18 /home/drgroupb/public_html/vendor/laravel/framework/src/Illuminate/Cookie/Middleware/AddQueuedCookiesToResponse.php(36): Illuminate\\Pipeline\\Pipeline->{closure:{closure:Illuminate\\Pipeline\\Pipeline::carry():194}:195}()
#19 /home/drgroupb/public_html/vendor/laravel/framework/src/Illuminate/Pipeline/Pipeline.php(219): Illuminate\\Cookie\\Middleware\\AddQueuedCookiesToResponse->handle()
#20 /home/drgroupb/public_html/vendor/laravel/framework/src/Illuminate/Cookie/Middleware/EncryptCookies.php(74): Illuminate\\Pipeline\\Pipeline->{closure:{closure:Illuminate\\Pipeline\\Pipeline::carry():194}:195}()
#21 /home/drgroupb/public_html/vendor/laravel/framework/src/Illuminate/Pipeline/Pipeline.php(219): Illuminate\\Cookie\\Middleware\\EncryptCookies->handle()
#22 /home/drgroupb/public_html/vendor/laravel/framework/src/Illuminate/Pipeline/Pipeline.php(137): Illuminate\\Pipeline\\Pipeline->{closure:{closure:Illuminate\\Pipeline\\Pipeline::carry():194}:195}()
#23 /home/drgroupb/public_html/vendor/laravel/framework/src/Illuminate/Routing/Router.php(821): Illuminate\\Pipeline\\Pipeline->then()
#24 /home/drgroupb/public_html/vendor/laravel/framework/src/Illuminate/Routing/Router.php(800): Illuminate\\Routing\\Router->runRouteWithinStack()
#25 /home/drgroupb/public_html/vendor/laravel/framework/src/Illuminate/Routing/Router.php(764): Illuminate\\Routing\\Router->runRoute()
#26 /home/drgroupb/public_html/vendor/laravel/framework/src/Illuminate/Routing/Router.php(753): Illuminate\\Routing\\Router->dispatchToRoute()
#27 /home/drgroupb/public_html/vendor/laravel/framework/src/Illuminate/Foundation/Http/Kernel.php(200): Illuminate\\Routing\\Router->dispatch()
#28 /home/drgroupb/public_html/vendor/laravel/framework/src/Illuminate/Pipeline/Pipeline.php(180): Illuminate\\Foundation\\Http\\Kernel->{closure:Illuminate\\Foundation\\Http\\Kernel::dispatchToRouter():197}()
#29 /home/drgroupb/public_html/vendor/laravel/framework/src/Illuminate/Foundation/Http/Middleware/TransformsRequest.php(21): Illuminate\\Pipeline\\Pipeline->{closure:Illuminate\\Pipeline\\Pipeline::prepareDestination():178}()
#30 /home/drgroupb/public_html/vendor/laravel/framework/src/Illuminate/Foundation/Http/Middleware/ConvertEmptyStringsToNull.php(31): Illuminate\\Foundation\\Http\\Middleware\\TransformsRequest->handle()
#31 /home/drgroupb/public_html/vendor/laravel/framework/src/Illuminate/Pipeline/Pipeline.php(219): Illuminate\\Foundation\\Http\\Middleware\\ConvertEmptyStringsToNull->handle()
#32 /home/drgroupb/public_html/vendor/laravel/framework/src/Illuminate/Foundation/Http/Middleware/TransformsRequest.php(21): Illuminate\\Pipeline\\Pipeline->{closure:{closure:Illuminate\\Pipeline\\Pipeline::carry():194}:195}()
#33 /home/drgroupb/public_html/vendor/laravel/framework/src/Illuminate/Foundation/Http/Middleware/TrimStrings.php(51): Illuminate\\Foundation\\Http\\Middleware\\TransformsRequest->handle()
#34 /home/drgroupb/public_html/vendor/laravel/framework/src/Illuminate/Pipeline/Pipeline.php(219): Illuminate\\Foundation\\Http\\Middleware\\TrimStrings->handle()
#35 /home/drgroupb/public_html/vendor/laravel/framework/src/Illuminate/Http/Middleware/ValidatePostSize.php(27): Illuminate\\Pipeline\\Pipeline->{closure:{closure:Illuminate\\Pipeline\\Pipeline::carry():194}:195}()
#36 /home/drgroupb/public_html/vendor/laravel/framework/src/Illuminate/Pipeline/Pipeline.php(219): Illuminate\\Http\\Middleware\\ValidatePostSize->handle()
#37 /home/drgroupb/public_html/vendor/laravel/framework/src/Illuminate/Foundation/Http/Middleware/PreventRequestsDuringMaintenance.php(110): Illuminate\\Pipeline\\Pipeline->{closure:{closure:Illuminate\\Pipeline\\Pipeline::carry():194}:195}()
#38 /home/drgroupb/public_html/vendor/laravel/framework/src/Illuminate/Pipeline/Pipeline.php(219): Illuminate\\Foundation\\Http\\Middleware\\PreventRequestsDuringMaintenance->handle()
#39 /home/drgroupb/public_html/vendor/laravel/framework/src/Illuminate/Http/Middleware/HandleCors.php(61): Illuminate\\Pipeline\\Pipeline->{closure:{closure:Illuminate\\Pipeline\\Pipeline::carry():194}:195}()
#40 /home/drgroupb/public_html/vendor/laravel/framework/src/Illuminate/Pipeline/Pipeline.php(219): Illuminate\\Http\\Middleware\\HandleCors->handle()
#41 /home/drgroupb/public_html/vendor/laravel/framework/src/Illuminate/Http/Middleware/TrustProxies.php(58): Illuminate\\Pipeline\\Pipeline->{closure:{closure:Illuminate\\Pipeline\\Pipeline::carry():194}:195}()
#42 /home/drgroupb/public_html/vendor/laravel/framework/src/Illuminate/Pipeline/Pipeline.php(219): Illuminate\\Http\\Middleware\\TrustProxies->handle()
#43 /home/drgroupb/public_html/vendor/laravel/framework/src/Illuminate/Foundation/Http/Middleware/InvokeDeferredCallbacks.php(22): Illuminate\\Pipeline\\Pipeline->{closure:{closure:Illuminate\\Pipeline\\Pipeline::carry():194}:195}()
#44 /home/drgroupb/public_html/vendor/laravel/framework/src/Illuminate/Pipeline/Pipeline.php(219): Illuminate\\Foundation\\Http\\Middleware\\InvokeDeferredCallbacks->handle()
#45 /home/drgroupb/public_html/vendor/laravel/framework/src/Illuminate/Http/Middleware/ValidatePathEncoding.php(28): Illuminate\\Pipeline\\Pipeline->{closure:{closure:Illuminate\\Pipeline\\Pipeline::carry():194}:195}()
#46 /home/drgroupb/public_html/vendor/laravel/framework/src/Illuminate/Pipeline/Pipeline.php(219): Illuminate\\Http\\Middleware\\ValidatePathEncoding->handle()
#47 /home/drgroupb/public_html/vendor/laravel/framework/src/Illuminate/Pipeline/Pipeline.php(137): Illuminate\\Pipeline\\Pipeline->{closure:{closure:Illuminate\\Pipeline\\Pipeline::carry():194}:195}()
#48 /home/drgroupb/public_html/vendor/laravel/framework/src/Illuminate/Foundation/Http/Kernel.php(175): Illuminate\\Pipeline\\Pipeline->then()
#49 /home/drgroupb/public_html/vendor/laravel/framework/src/Illuminate/Foundation/Http/Kernel.php(144): Illuminate\\Foundation\\Http\\Kernel->sendRequestThroughRouter()
#50 /home/drgroupb/public_html/vendor/laravel/framework/src/Illuminate/Foundation/Application.php(1227): Illuminate\\Foundation\\Http\\Kernel->handle()
#51 /home/drgroupb/public_html/index.php(31): Illuminate\\Foundation\\Application->handleRequest()
#52 {main}
"} 
[2026-09-16 17:15:22] production.ERROR: View [home] not found. {"exception":"[object] (InvalidArgumentException(code: 0): View [home] not found. at /home/drgroupb/public_html/vendor/laravel/framework/src/Illuminate/View/FileViewFinder.php:138)
[stacktrace]
#0 /home/drgroupb/public_html/vendor/laravel/framework/src/Illuminate/View/FileViewFinder.php(78): Illuminate\\View\\FileViewFinder->findInPaths()
#1 /home/drgroupb/public_html/vendor/laravel/framework/src/Illuminate/View/Factory.php(150): Illuminate\\View\\FileViewFinder->find()
#2 /home/drgroupb/public_html/vendor/laravel/framework/src/Illuminate/Foundation/helpers.php(1101): Illuminate\\View\\Factory->make()
#3 /home/drgroupb/public_html/app/Http/Controllers/HomeController.php(27): view()
#4 /home/drgroupb/public_html/vendor/laravel/framework/src/Illuminate/Routing/ControllerDispatcher.php(46): App\\Http\\Controllers\\HomeController->index()
#5 /home/drgroupb/public_html/vendor/laravel/framework/src/Illuminate/Routing/Route.php(276): Illuminate\\Routing\\ControllerDispatcher->dispatch()
#6 /home/drgroupb/public_html/vendor/laravel/framework/src/Illuminate/Routing/Route.php(216): Illuminate\\Routing\\Route->runController()
#7 /home/drgroupb/public_html/vendor/laravel/framework/src/Illuminate/Routing/Router.php(822): Illuminate\\Routing\\Route->run()
#8 /home/drgroupb/public_html/vendor/laravel/framework/src/Illuminate/Pipeline/Pipeline.php(180): Illuminate\\Routing\\Router->{closure:Illuminate\\Routing\\Router::runRouteWithinStack():821}()
#9 /home/drgroupb/public_html/vendor/laravel/framework/src/Illuminate/Routing/Middleware/SubstituteBindings.php(52): Illuminate\\Pipeline\\Pipeline->{closure:Illuminate\\Pipeline\\Pipeline::prepareDestination():178}()
#10 /home/drgroupb/public_html/vendor/laravel/framework/src/Illuminate/Pipeline/Pipeline.php(219): Illuminate\\Routing\\Middleware\\SubstituteBindings->handle()
#11 /home/drgroupb/public_html/vendor/laravel/framework/src/Illuminate/Foundation/Http/Middleware/PreventRequestForgery.php(104): Illuminate\\Pipeline\\Pipeline->{closure:{closure:Illuminate\\Pipeline\\Pipeline::carry():194}:195}()
#12 /home/drgroupb/public_html/vendor/laravel/framework/src/Illuminate/Pipeline/Pipeline.php(219): Illuminate\\Foundation\\Http\\Middleware\\PreventRequestForgery->handle()
#13 /home/drgroupb/public_html/vendor/laravel/framework/src/Illuminate/View/Middleware/ShareErrorsFromSession.php(48): Illuminate\\Pipeline\\Pipeline->{closure:{closure:Illuminate\\Pipeline\\Pipeline::carry():194}:195}()
#14 /home/drgroupb/public_html/vendor/laravel/framework/src/Illuminate/Pipeline/Pipeline.php(219): Illuminate\\View\\Middleware\\ShareErrorsFromSession->handle()
#15 /home/drgroupb/public_html/vendor/laravel/framework/src/Illuminate/Session/Middleware/StartSession.php(120): Illuminate\\Pipeline\\Pipeline->{closure:{closure:Illuminate\\Pipeline\\Pipeline::carry():194}:195}()
#16 /home/drgroupb/public_html/vendor/laravel/framework/src/Illuminate/Session/Middleware/StartSession.php(63): Illuminate\\Session\\Middleware\\StartSession->handleStatefulRequest()
#17 /home/drgroupb/public_html/vendor/laravel/framework/src/Illuminate/Pipeline/Pipeline.php(219): Illuminate\\Session\\Middleware\\StartSession->handle()
#18 /home/drgroupb/public_html/vendor/laravel/framework/src/Illuminate/Cookie/Middleware/AddQueuedCookiesToResponse.php(36): Illuminate\\Pipeline\\Pipeline->{closure:{closure:Illuminate\\Pipeline\\Pipeline::carry():194}:195}()
#19 /home/drgroupb/public_html/vendor/laravel/framework/src/Illuminate/Pipeline/Pipeline.php(219): Illuminate\\Cookie\\Middleware\\AddQueuedCookiesToResponse->handle()
#20 /home/drgroupb/public_html/vendor/laravel/framework/src/Illuminate/Cookie/Middleware/EncryptCookies.php(74): Illuminate\\Pipeline\\Pipeline->{closure:{closure:Illuminate\\Pipeline\\Pipeline::carry():194}:195}()
#21 /home/drgroupb/public_html/vendor/laravel/framework/src/Illuminate/Pipeline/Pipeline.php(219): Illuminate\\Cookie\\Middleware\\EncryptCookies->handle()
#22 /home/drgroupb/public_html/vendor/laravel/framework/src/Illuminate/Pipeline/Pipeline.php(137): Illuminate\\Pipeline\\Pipeline->{closure:{closure:Illuminate\\Pipeline\\Pipeline::carry():194}:195}()
#23 /home/drgroupb/public_html/vendor/laravel/framework/src/Illuminate/Routing/Router.php(821): Illuminate\\Pipeline\\Pipeline->then()
#24 /home/drgroupb/public_html/vendor/laravel/framework/src/Illuminate/Routing/Router.php(800): Illuminate\\Routing\\Router->runRouteWithinStack()
#25 /home/drgroupb/public_html/vendor/laravel/framework/src/Illuminate/Routing/Router.php(764): Illuminate\\Routing\\Router->runRoute()
#26 /home/drgroupb/public_html/vendor/laravel/framework/src/Illuminate/Routing/Router.php(753): Illuminate\\Routing\\Router->dispatchToRoute()
#27 /home/drgroupb/public_html/vendor/laravel/framework/src/Illuminate/Foundation/Http/Kernel.php(200): Illuminate\\Routing\\Router->dispatch()
#28 /home/drgroupb/public_html/vendor/laravel/framework/src/Illuminate/Pipeline/Pipeline.php(180): Illuminate\\Foundation\\Http\\Kernel->{closure:Illuminate\\Foundation\\Http\\Kernel::dispatchToRouter():197}()
#29 /home/drgroupb/public_html/vendor/laravel/framework/src/Illuminate/Foundation/Http/Middleware/TransformsRequest.php(21): Illuminate\\Pipeline\\Pipeline->{closure:Illuminate\\Pipeline\\Pipeline::prepareDestination():178}()
#30 /home/drgroupb/public_html/vendor/laravel/framework/src/Illuminate/Foundation/Http/Middleware/ConvertEmptyStringsToNull.php(31): Illuminate\\Foundation\\Http\\Middleware\\TransformsRequest->handle()
#31 /home/drgroupb/public_html/vendor/laravel/framework/src/Illuminate/Pipeline/Pipeline.php(219): Illuminate\\Foundation\\Http\\Middleware\\ConvertEmptyStringsToNull->handle()
#32 /home/drgroupb/public_html/vendor/laravel/framework/src/Illuminate/Foundation/Http/Middleware/TransformsRequest.php(21): Illuminate\\Pipeline\\Pipeline->{closure:{closure:Illuminate\\Pipeline\\Pipeline::carry():194}:195}()
#33 /home/drgroupb/public_html/vendor/laravel/framework/src/Illuminate/Foundation/Http/Middleware/TrimStrings.php(51): Illuminate\\Foundation\\Http\\Middleware\\TransformsRequest->handle()
#34 /home/drgroupb/public_html/vendor/laravel/framework/src/Illuminate/Pipeline/Pipeline.php(219): Illuminate\\Foundation\\Http\\Middleware\\TrimStrings->handle()
#35 /home/drgroupb/public_html/vendor/laravel/framework/src/Illuminate/Http/Middleware/ValidatePostSize.php(27): Illuminate\\Pipeline\\Pipeline->{closure:{closure:Illuminate\\Pipeline\\Pipeline::carry():194}:195}()
#36 /home/drgroupb/public_html/vendor/laravel/framework/src/Illuminate/Pipeline/Pipeline.php(219): Illuminate\\Http\\Middleware\\ValidatePostSize->handle()
#37 /home/drgroupb/public_html/vendor/laravel/framework/src/Illuminate/Foundation/Http/Middleware/PreventRequestsDuringMaintenance.php(110): Illuminate\\Pipeline\\Pipeline->{closure:{closure:Illuminate\\Pipeline\\Pipeline::carry():194}:195}()
#38 /home/drgroupb/public_html/vendor/laravel/framework/src/Illuminate/Pipeline/Pipeline.php(219): Illuminate\\Foundation\\Http\\Middleware\\PreventRequestsDuringMaintenance->handle()
#39 /home/drgroupb/public_html/vendor/laravel/framework/src/Illuminate/Http/Middleware/HandleCors.php(61): Illuminate\\Pipeline\\Pipeline->{closure:{closure:Illuminate\\Pipeline\\Pipeline::carry():194}:195}()
#40 /home/drgroupb/public_html/vendor/laravel/framework/src/Illuminate/Pipeline/Pipeline.php(219): Illuminate\\Http\\Middleware\\HandleCors->handle()
#41 /home/drgroupb/public_html/vendor/laravel/framework/src/Illuminate/Http/Middleware/TrustProxies.php(58): Illuminate\\Pipeline\\Pipeline->{closure:{closure:Illuminate\\Pipeline\\Pipeline::carry():194}:195}()
#42 /home/drgroupb/public_html/vendor/laravel/framework/src/Illuminate/Pipeline/Pipeline.php(219): Illuminate\\Http\\Middleware\\TrustProxies->handle()
#43 /home/drgroupb/public_html/vendor/laravel/framework/src/Illuminate/Foundation/Http/Middleware/InvokeDeferredCallbacks.php(22): Illuminate\\Pipeline\\Pipeline->{closure:{closure:Illuminate\\Pipeline\\Pipeline::carry():194}:195}()
#44 /home/drgroupb/public_html/vendor/laravel/framework/src/Illuminate/Pipeline/Pipeline.php(219): Illuminate\\Foundation\\Http\\Middleware\\InvokeDeferredCallbacks->handle()
#45 /home/drgroupb/public_html/vendor/laravel/framework/src/Illuminate/Http/Middleware/ValidatePathEncoding.php(28): Illuminate\\Pipeline\\Pipeline->{closure:{closure:Illuminate\\Pipeline\\Pipeline::carry():194}:195}()
#46 /home/drgroupb/public_html/vendor/laravel/framework/src/Illuminate/Pipeline/Pipeline.php(219): Illuminate\\Http\\Middleware\\ValidatePathEncoding->handle()
#47 /home/drgroupb/public_html/vendor/laravel/framework/src/Illuminate/Pipeline/Pipeline.php(137): Illuminate\\Pipeline\\Pipeline->{closure:{closure:Illuminate\\Pipeline\\Pipeline::carry():194}:195}()
#48 /home/drgroupb/public_html/vendor/laravel/framework/src/Illuminate/Foundation/Http/Kernel.php(175): Illuminate\\Pipeline\\Pipeline->then()
#49 /home/drgroupb/public_html/vendor/laravel/framework/src/Illuminate/Foundation/Http/Kernel.php(144): Illuminate\\Foundation\\Http\\Kernel->sendRequestThroughRouter()
#50 /home/drgroupb/public_html/vendor/laravel/framework/src/Illuminate/Foundation/Application.php(1227): Illuminate\\Foundation\\Http\\Kernel->handle()
#51 /home/drgroupb/public_html/index.php(31): Illuminate\\Foundation\\Application->handleRequest()
#52 {main}
"} 
[2026-09-16 17:16:28] production.ERROR: View [home] not found. {"exception":"[object] (InvalidArgumentException(code: 0): View [home] not found. at /home/drgroupb/public_html/vendor/laravel/framework/src/Illuminate/View/FileViewFinder.php:138)
[stacktrace]
#0 /home/drgroupb/public_html/vendor/laravel/framework/src/Illuminate/View/FileViewFinder.php(78): Illuminate\\View\\FileViewFinder->findInPaths()
#1 /home/drgroupb/public_html/vendor/laravel/framework/src/Illuminate/View/Factory.php(150): Illuminate\\View\\FileViewFinder->find()
#2 /home/drgroupb/public_html/vendor/laravel/framework/src/Illuminate/Foundation/helpers.php(1101): Illuminate\\View\\Factory->make()
#3 /home/drgroupb/public_html/app/Http/Controllers/HomeController.php(27): view()
#4 /home/drgroupb/public_html/vendor/laravel/framework/src/Illuminate/Routing/ControllerDispatcher.php(46): App\\Http\\Controllers\\HomeController->index()
#5 /home/drgroupb/public_html/vendor/laravel/framework/src/Illuminate/Routing/Route.php(276): Illuminate\\Routing\\ControllerDispatcher->dispatch()
#6 /home/drgroupb/public_html/vendor/laravel/framework/src/Illuminate/Routing/Route.php(216): Illuminate\\Routing\\Route->runController()
#7 /home/drgroupb/public_html/vendor/laravel/framework/src/Illuminate/Routing/Router.php(822): Illuminate\\Routing\\Route->run()
#8 /home/drgroupb/public_html/vendor/laravel/framework/src/Illuminate/Pipeline/Pipeline.php(180): Illuminate\\Routing\\Router->{closure:Illuminate\\Routing\\Router::runRouteWithinStack():821}()
#9 /home/drgroupb/public_html/vendor/laravel/framework/src/Illuminate/Routing/Middleware/SubstituteBindings.php(52): Illuminate\\Pipeline\\Pipeline->{closure:Illuminate\\Pipeline\\Pipeline::prepareDestination():178}()
#10 /home/drgroupb/public_html/vendor/laravel/framework/src/Illuminate/Pipeline/Pipeline.php(219): Illuminate\\Routing\\Middleware\\SubstituteBindings->handle()
#11 /home/drgroupb/public_html/vendor/laravel/framework/src/Illuminate/Foundation/Http/Middleware/PreventRequestForgery.php(104): Illuminate\\Pipeline\\Pipeline->{closure:{closure:Illuminate\\Pipeline\\Pipeline::carry():194}:195}()
#12 /home/drgroupb/public_html/vendor/laravel/framework/src/Illuminate/Pipeline/Pipeline.php(219): Illuminate\\Foundation\\Http\\Middleware\\PreventRequestForgery->handle()
#13 /home/drgroupb/public_html/vendor/laravel/framework/src/Illuminate/View/Middleware/ShareErrorsFromSession.php(48): Illuminate\\Pipeline\\Pipeline->{closure:{closure:Illuminate\\Pipeline\\Pipeline::carry():194}:195}()
#14 /home/drgroupb/public_html/vendor/laravel/framework/src/Illuminate/Pipeline/Pipeline.php(219): Illuminate\\View\\Middleware\\ShareErrorsFromSession->handle()
#15 /home/drgroupb/public_html/vendor/laravel/framework/src/Illuminate/Session/Middleware/StartSession.php(120): Illuminate\\Pipeline\\Pipeline->{closure:{closure:Illuminate\\Pipeline\\Pipeline::carry():194}:195}()
#16 /home/drgroupb/public_html/vendor/laravel/framework/src/Illuminate/Session/Middleware/StartSession.php(63): Illuminate\\Session\\Middleware\\StartSession->handleStatefulRequest()
#17 /home/drgroupb/public_html/vendor/laravel/framework/src/Illuminate/Pipeline/Pipeline.php(219): Illuminate\\Session\\Middleware\\StartSession->handle()
#18 /home/drgroupb/public_html/vendor/laravel/framework/src/Illuminate/Cookie/Middleware/AddQueuedCookiesToResponse.php(36): Illuminate\\Pipeline\\Pipeline->{closure:{closure:Illuminate\\Pipeline\\Pipeline::carry():194}:195}()
#19 /home/drgroupb/public_html/vendor/laravel/framework/src/Illuminate/Pipeline/Pipeline.php(219): Illuminate\\Cookie\\Middleware\\AddQueuedCookiesToResponse->handle()
#20 /home/drgroupb/public_html/vendor/laravel/framework/src/Illuminate/Cookie/Middleware/EncryptCookies.php(74): Illuminate\\Pipeline\\Pipeline->{closure:{closure:Illuminate\\Pipeline\\Pipeline::carry():194}:195}()
#21 /home/drgroupb/public_html/vendor/laravel/framework/src/Illuminate/Pipeline/Pipeline.php(219): Illuminate\\Cookie\\Middleware\\EncryptCookies->handle()
#22 /home/drgroupb/public_html/vendor/laravel/framework/src/Illuminate/Pipeline/Pipeline.php(137): Illuminate\\Pipeline\\Pipeline->{closure:{closure:Illuminate\\Pipeline\\Pipeline::carry():194}:195}()
#23 /home/drgroupb/public_html/vendor/laravel/framework/src/Illuminate/Routing/Router.php(821): Illuminate\\Pipeline\\Pipeline->then()
#24 /home/drgroupb/public_html/vendor/laravel/framework/src/Illuminate/Routing/Router.php(800): Illuminate\\Routing\\Router->runRouteWithinStack()
#25 /home/drgroupb/public_html/vendor/laravel/framework/src/Illuminate/Routing/Router.php(764): Illuminate\\Routing\\Router->runRoute()
#26 /home/drgroupb/public_html/vendor/laravel/framework/src/Illuminate/Routing/Router.php(753): Illuminate\\Routing\\Router->dispatchToRoute()
#27 /home/drgroupb/public_html/vendor/laravel/framework/src/Illuminate/Foundation/Http/Kernel.php(200): Illuminate\\Routing\\Router->dispatch()
#28 /home/drgroupb/public_html/vendor/laravel/framework/src/Illuminate/Pipeline/Pipeline.php(180): Illuminate\\Foundation\\Http\\Kernel->{closure:Illuminate\\Foundation\\Http\\Kernel::dispatchToRouter():197}()
#29 /home/drgroupb/public_html/vendor/laravel/framework/src/Illuminate/Foundation/Http/Middleware/TransformsRequest.php(21): Illuminate\\Pipeline\\Pipeline->{closure:Illuminate\\Pipeline\\Pipeline::prepareDestination():178}()
#30 /home/drgroupb/public_html/vendor/laravel/framework/src/Illuminate/Foundation/Http/Middleware/ConvertEmptyStringsToNull.php(31): Illuminate\\Foundation\\Http\\Middleware\\TransformsRequest->handle()
#31 /home/drgroupb/public_html/vendor/laravel/framework/src/Illuminate/Pipeline/Pipeline.php(219): Illuminate\\Foundation\\Http\\Middleware\\ConvertEmptyStringsToNull->handle()
#32 /home/drgroupb/public_html/vendor/laravel/framework/src/Illuminate/Foundation/Http/Middleware/TransformsRequest.php(21): Illuminate\\Pipeline\\Pipeline->{closure:{closure:Illuminate\\Pipeline\\Pipeline::carry():194}:195}()
#33 /home/drgroupb/public_html/vendor/laravel/framework/src/Illuminate/Foundation/Http/Middleware/TrimStrings.php(51): Illuminate\\Foundation\\Http\\Middleware\\TransformsRequest->handle()
#34 /home/drgroupb/public_html/vendor/laravel/framework/src/Illuminate/Pipeline/Pipeline.php(219): Illuminate\\Foundation\\Http\\Middleware\\TrimStrings->handle()
#35 /home/drgroupb/public_html/vendor/laravel/framework/src/Illuminate/Http/Middleware/ValidatePostSize.php(27): Illuminate\\Pipeline\\Pipeline->{closure:{closure:Illuminate\\Pipeline\\Pipeline::carry():194}:195}()
#36 /home/drgroupb/public_html/vendor/laravel/framework/src/Illuminate/Pipeline/Pipeline.php(219): Illuminate\\Http\\Middleware\\ValidatePostSize->handle()
#37 /home/drgroupb/public_html/vendor/laravel/framework/src/Illuminate/Foundation/Http/Middleware/PreventRequestsDuringMaintenance.php(110): Illuminate\\Pipeline\\Pipeline->{closure:{closure:Illuminate\\Pipeline\\Pipeline::carry():194}:195}()
#38 /home/drgroupb/public_html/vendor/laravel/framework/src/Illuminate/Pipeline/Pipeline.php(219): Illuminate\\Foundation\\Http\\Middleware\\PreventRequestsDuringMaintenance->handle()
#39 /home/drgroupb/public_html/vendor/laravel/framework/src/Illuminate/Http/Middleware/HandleCors.php(61): Illuminate\\Pipeline\\Pipeline->{closure:{closure:Illuminate\\Pipeline\\Pipeline::carry():194}:195}()
#40 /home/drgroupb/public_html/vendor/laravel/framework/src/Illuminate/Pipeline/Pipeline.php(219): Illuminate\\Http\\Middleware\\HandleCors->handle()
#41 /home/drgroupb/public_html/vendor/laravel/framework/src/Illuminate/Http/Middleware/TrustProxies.php(58): Illuminate\\Pipeline\\Pipeline->{closure:{closure:Illuminate\\Pipeline\\Pipeline::carry():194}:195}()
#42 /home/drgroupb/public_html/vendor/laravel/framework/src/Illuminate/Pipeline/Pipeline.php(219): Illuminate\\Http\\Middleware\\TrustProxies->handle()
#43 /home/drgroupb/public_html/vendor/laravel/framework/src/Illuminate/Foundation/Http/Middleware/InvokeDeferredCallbacks.php(22): Illuminate\\Pipeline\\Pipeline->{closure:{closure:Illuminate\\Pipeline\\Pipeline::carry():194}:195}()
#44 /home/drgroupb/public_html/vendor/laravel/framework/src/Illuminate/Pipeline/Pipeline.php(219): Illuminate\\Foundation\\Http\\Middleware\\InvokeDeferredCallbacks->handle()
#45 /home/drgroupb/public_html/vendor/laravel/framework/src/Illuminate/Http/Middleware/ValidatePathEncoding.php(28): Illuminate\\Pipeline\\Pipeline->{closure:{closure:Illuminate\\Pipeline\\Pipeline::carry():194}:195}()
#46 /home/drgroupb/public_html/vendor/laravel/framework/src/Illuminate/Pipeline/Pipeline.php(219): Illuminate\\Http\\Middleware\\ValidatePathEncoding->handle()
#47 /home/drgroupb/public_html/vendor/laravel/framework/src/Illuminate/Pipeline/Pipeline.php(137): Illuminate\\Pipeline\\Pipeline->{closure:{closure:Illuminate\\Pipeline\\Pipeline::carry():194}:195}()
#48 /home/drgroupb/public_html/vendor/laravel/framework/src/Illuminate/Foundation/Http/Kernel.php(175): Illuminate\\Pipeline\\Pipeline->then()
#49 /home/drgroupb/public_html/vendor/laravel/framework/src/Illuminate/Foundation/Http/Kernel.php(144): Illuminate\\Foundation\\Http\\Kernel->sendRequestThroughRouter()
#50 /home/drgroupb/public_html/vendor/laravel/framework/src/Illuminate/Foundation/Application.php(1227): Illuminate\\Foundation\\Http\\Kernel->handle()
#51 /home/drgroupb/public_html/index.php(31): Illuminate\\Foundation\\Application->handleRequest()
#52 {main}
"} 
[2026-09-16 17:16:28] production.ERROR: View [home] not found. {"exception":"[object] (InvalidArgumentException(code: 0): View [home] not found. at /home/drgroupb/public_html/vendor/laravel/framework/src/Illuminate/View/FileViewFinder.php:138)
[stacktrace]
#0 /home/drgroupb/public_html/vendor/laravel/framework/src/Illuminate/View/FileViewFinder.php(78): Illuminate\\View\\FileViewFinder->findInPaths()
#1 /home/drgroupb/public_html/vendor/laravel/framework/src/Illuminate/View/Factory.php(150): Illuminate\\View\\FileViewFinder->find()
#2 /home/drgroupb/public_html/vendor/laravel/framework/src/Illuminate/Foundation/helpers.php(1101): Illuminate\\View\\Factory->make()
#3 /home/drgroupb/public_html/app/Http/Controllers/HomeController.php(27): view()
#4 /home/drgroupb/public_html/vendor/laravel/framework/src/Illuminate/Routing/ControllerDispatcher.php(46): App\\Http\\Controllers\\HomeController->index()
#5 /home/drgroupb/public_html/vendor/laravel/framework/src/Illuminate/Routing/Route.php(276): Illuminate\\Routing\\ControllerDispatcher->dispatch()
#6 /home/drgroupb/public_html/vendor/laravel/framework/src/Illuminate/Routing/Route.php(216): Illuminate\\Routing\\Route->runController()
#7 /home/drgroupb/public_html/vendor/laravel/framework/src/Illuminate/Routing/Router.php(822): Illuminate\\Routing\\Route->run()
#8 /home/drgroupb/public_html/vendor/laravel/framework/src/Illuminate/Pipeline/Pipeline.php(180): Illuminate\\Routing\\Router->{closure:Illuminate\\Routing\\Router::runRouteWithinStack():821}()
#9 /home/drgroupb/public_html/vendor/laravel/framework/src/Illuminate/Routing/Middleware/SubstituteBindings.php(52): Illuminate\\Pipeline\\Pipeline->{closure:Illuminate\\Pipeline\\Pipeline::prepareDestination():178}()
#10 /home/drgroupb/public_html/vendor/laravel/framework/src/Illuminate/Pipeline/Pipeline.php(219): Illuminate\\Routing\\Middleware\\SubstituteBindings->handle()
#11 /home/drgroupb/public_html/vendor/laravel/framework/src/Illuminate/Foundation/Http/Middleware/PreventRequestForgery.php(104): Illuminate\\Pipeline\\Pipeline->{closure:{closure:Illuminate\\Pipeline\\Pipeline::carry():194}:195}()
#12 /home/drgroupb/public_html/vendor/laravel/framework/src/Illuminate/Pipeline/Pipeline.php(219): Illuminate\\Foundation\\Http\\Middleware\\PreventRequestForgery->handle()
#13 /home/drgroupb/public_html/vendor/laravel/framework/src/Illuminate/View/Middleware/ShareErrorsFromSession.php(48): Illuminate\\Pipeline\\Pipeline->{closure:{closure:Illuminate\\Pipeline\\Pipeline::carry():194}:195}()
#14 /home/drgroupb/public_html/vendor/laravel/framework/src/Illuminate/Pipeline/Pipeline.php(219): Illuminate\\View\\Middleware\\ShareErrorsFromSession->handle()
#15 /home/drgroupb/public_html/vendor/laravel/framework/src/Illuminate/Session/Middleware/StartSession.php(120): Illuminate\\Pipeline\\Pipeline->{closure:{closure:Illuminate\\Pipeline\\Pipeline::carry():194}:195}()
#16 /home/drgroupb/public_html/vendor/laravel/framework/src/Illuminate/Session/Middleware/StartSession.php(63): Illuminate\\Session\\Middleware\\StartSession->handleStatefulRequest()
#17 /home/drgroupb/public_html/vendor/laravel/framework/src/Illuminate/Pipeline/Pipeline.php(219): Illuminate\\Session\\Middleware\\StartSession->handle()
#18 /home/drgroupb/public_html/vendor/laravel/framework/src/Illuminate/Cookie/Middleware/AddQueuedCookiesToResponse.php(36): Illuminate\\Pipeline\\Pipeline->{closure:{closure:Illuminate\\Pipeline\\Pipeline::carry():194}:195}()
#19 /home/drgroupb/public_html/vendor/laravel/framework/src/Illuminate/Pipeline/Pipeline.php(219): Illuminate\\Cookie\\Middleware\\AddQueuedCookiesToResponse->handle()
#20 /home/drgroupb/public_html/vendor/laravel/framework/src/Illuminate/Cookie/Middleware/EncryptCookies.php(74): Illuminate\\Pipeline\\Pipeline->{closure:{closure:Illuminate\\Pipeline\\Pipeline::carry():194}:195}()
#21 /home/drgroupb/public_html/vendor/laravel/framework/src/Illuminate/Pipeline/Pipeline.php(219): Illuminate\\Cookie\\Middleware\\EncryptCookies->handle()
#22 /home/drgroupb/public_html/vendor/laravel/framework/src/Illuminate/Pipeline/Pipeline.php(137): Illuminate\\Pipeline\\Pipeline->{closure:{closure:Illuminate\\Pipeline\\Pipeline::carry():194}:195}()
#23 /home/drgroupb/public_html/vendor/laravel/framework/src/Illuminate/Routing/Router.php(821): Illuminate\\Pipeline\\Pipeline->then()
#24 /home/drgroupb/public_html/vendor/laravel/framework/src/Illuminate/Routing/Router.php(800): Illuminate\\Routing\\Router->runRouteWithinStack()
#25 /home/drgroupb/public_html/vendor/laravel/framework/src/Illuminate/Routing/Router.php(764): Illuminate\\Routing\\Router->runRoute()
#26 /home/drgroupb/public_html/vendor/laravel/framework/src/Illuminate/Routing/Router.php(753): Illuminate\\Routing\\Router->dispatchToRoute()
#27 /home/drgroupb/public_html/vendor/laravel/framework/src/Illuminate/Foundation/Http/Kernel.php(200): Illuminate\\Routing\\Router->dispatch()
#28 /home/drgroupb/public_html/vendor/laravel/framework/src/Illuminate/Pipeline/Pipeline.php(180): Illuminate\\Foundation\\Http\\Kernel->{closure:Illuminate\\Foundation\\Http\\Kernel::dispatchToRouter():197}()
#29 /home/drgroupb/public_html/vendor/laravel/framework/src/Illuminate/Foundation/Http/Middleware/TransformsRequest.php(21): Illuminate\\Pipeline\\Pipeline->{closure:Illuminate\\Pipeline\\Pipeline::prepareDestination():178}()
#30 /home/drgroupb/public_html/vendor/laravel/framework/src/Illuminate/Foundation/Http/Middleware/ConvertEmptyStringsToNull.php(31): Illuminate\\Foundation\\Http\\Middleware\\TransformsRequest->handle()
#31 /home/drgroupb/public_html/vendor/laravel/framework/src/Illuminate/Pipeline/Pipeline.php(219): Illuminate\\Foundation\\Http\\Middleware\\ConvertEmptyStringsToNull->handle()
#32 /home/drgroupb/public_html/vendor/laravel/framework/src/Illuminate/Foundation/Http/Middleware/TransformsRequest.php(21): Illuminate\\Pipeline\\Pipeline->{closure:{closure:Illuminate\\Pipeline\\Pipeline::carry():194}:195}()
#33 /home/drgroupb/public_html/vendor/laravel/framework/src/Illuminate/Foundation/Http/Middleware/TrimStrings.php(51): Illuminate\\Foundation\\Http\\Middleware\\TransformsRequest->handle()
#34 /home/drgroupb/public_html/vendor/laravel/framework/src/Illuminate/Pipeline/Pipeline.php(219): Illuminate\\Foundation\\Http\\Middleware\\TrimStrings->handle()
#35 /home/drgroupb/public_html/vendor/laravel/framework/src/Illuminate/Http/Middleware/ValidatePostSize.php(27): Illuminate\\Pipeline\\Pipeline->{closure:{closure:Illuminate\\Pipeline\\Pipeline::carry():194}:195}()
#36 /home/drgroupb/public_html/vendor/laravel/framework/src/Illuminate/Pipeline/Pipeline.php(219): Illuminate\\Http\\Middleware\\ValidatePostSize->handle()
#37 /home/drgroupb/public_html/vendor/laravel/framework/src/Illuminate/Foundation/Http/Middleware/PreventRequestsDuringMaintenance.php(110): Illuminate\\Pipeline\\Pipeline->{closure:{closure:Illuminate\\Pipeline\\Pipeline::carry():194}:195}()
#38 /home/drgroupb/public_html/vendor/laravel/framework/src/Illuminate/Pipeline/Pipeline.php(219): Illuminate\\Foundation\\Http\\Middleware\\PreventRequestsDuringMaintenance->handle()
#39 /home/drgroupb/public_html/vendor/laravel/framework/src/Illuminate/Http/Middleware/HandleCors.php(61): Illuminate\\Pipeline\\Pipeline->{closure:{closure:Illuminate\\Pipeline\\Pipeline::carry():194}:195}()
#40 /home/drgroupb/public_html/vendor/laravel/framework/src/Illuminate/Pipeline/Pipeline.php(219): Illuminate\\Http\\Middleware\\HandleCors->handle()
#41 /home/drgroupb/public_html/vendor/laravel/framework/src/Illuminate/Http/Middleware/TrustProxies.php(58): Illuminate\\Pipeline\\Pipeline->{closure:{closure:Illuminate\\Pipeline\\Pipeline::carry():194}:195}()
#42 /home/drgroupb/public_html/vendor/laravel/framework/src/Illuminate/Pipeline/Pipeline.php(219): Illuminate\\Http\\Middleware\\TrustProxies->handle()
#43 /home/drgroupb/public_html/vendor/laravel/framework/src/Illuminate/Foundation/Http/Middleware/InvokeDeferredCallbacks.php(22): Illuminate\\Pipeline\\Pipeline->{closure:{closure:Illuminate\\Pipeline\\Pipeline::carry():194}:195}()
#44 /home/drgroupb/public_html/vendor/laravel/framework/src/Illuminate/Pipeline/Pipeline.php(219): Illuminate\\Foundation\\Http\\Middleware\\InvokeDeferredCallbacks->handle()
#45 /home/drgroupb/public_html/vendor/laravel/framework/src/Illuminate/Http/Middleware/ValidatePathEncoding.php(28): Illuminate\\Pipeline\\Pipeline->{closure:{closure:Illuminate\\Pipeline\\Pipeline::carry():194}:195}()
#46 /home/drgroupb/public_html/vendor/laravel/framework/src/Illuminate/Pipeline/Pipeline.php(219): Illuminate\\Http\\Middleware\\ValidatePathEncoding->handle()
#47 /home/drgroupb/public_html/vendor/laravel/framework/src/Illuminate/Pipeline/Pipeline.php(137): Illuminate\\Pipeline\\Pipeline->{closure:{closure:Illuminate\\Pipeline\\Pipeline::carry():194}:195}()
#48 /home/drgroupb/public_html/vendor/laravel/framework/src/Illuminate/Foundation/Http/Kernel.php(175): Illuminate\\Pipeline\\Pipeline->then()
#49 /home/drgroupb/public_html/vendor/laravel/framework/src/Illuminate/Foundation/Http/Kernel.php(144): Illuminate\\Foundation\\Http\\Kernel->sendRequestThroughRouter()
#50 /home/drgroupb/public_html/vendor/laravel/framework/src/Illuminate/Foundation/Application.php(1227): Illuminate\\Foundation\\Http\\Kernel->handle()
#51 /home/drgroupb/public_html/index.php(31): Illuminate\\Foundation\\Application->handleRequest()
#52 {main}
"} 
[2026-09-16 17:16:39] production.ERROR: View [home] not found. {"exception":"[object] (InvalidArgumentException(code: 0): View [home] not found. at /home/drgroupb/public_html/vendor/laravel/framework/src/Illuminate/View/FileViewFinder.php:138)
[stacktrace]
#0 /home/drgroupb/public_html/vendor/laravel/framework/src/Illuminate/View/FileViewFinder.php(78): Illuminate\\View\\FileViewFinder->findInPaths()
#1 /home/drgroupb/public_html/vendor/laravel/framework/src/Illuminate/View/Factory.php(150): Illuminate\\View\\FileViewFinder->find()
#2 /home/drgroupb/public_html/vendor/laravel/framework/src/Illuminate/Foundation/helpers.php(1101): Illuminate\\View\\Factory->make()
#3 /home/drgroupb/public_html/app/Http/Controllers/HomeController.php(27): view()
#4 /home/drgroupb/public_html/vendor/laravel/framework/src/Illuminate/Routing/ControllerDispatcher.php(46): App\\Http\\Controllers\\HomeController->index()
#5 /home/drgroupb/public_html/vendor/laravel/framework/src/Illuminate/Routing/Route.php(276): Illuminate\\Routing\\ControllerDispatcher->dispatch()
#6 /home/drgroupb/public_html/vendor/laravel/framework/src/Illuminate/Routing/Route.php(216): Illuminate\\Routing\\Route->runController()
#7 /home/drgroupb/public_html/vendor/laravel/framework/src/Illuminate/Routing/Router.php(822): Illuminate\\Routing\\Route->run()
#8 /home/drgroupb/public_html/vendor/laravel/framework/src/Illuminate/Pipeline/Pipeline.php(180): Illuminate\\Routing\\Router->{closure:Illuminate\\Routing\\Router::runRouteWithinStack():821}()
#9 /home/drgroupb/public_html/vendor/laravel/framework/src/Illuminate/Routing/Middleware/SubstituteBindings.php(52): Illuminate\\Pipeline\\Pipeline->{closure:Illuminate\\Pipeline\\Pipeline::prepareDestination():178}()
#10 /home/drgroupb/public_html/vendor/laravel/framework/src/Illuminate/Pipeline/Pipeline.php(219): Illuminate\\Routing\\Middleware\\SubstituteBindings->handle()
#11 /home/drgroupb/public_html/vendor/laravel/framework/src/Illuminate/Foundation/Http/Middleware/PreventRequestForgery.php(104): Illuminate\\Pipeline\\Pipeline->{closure:{closure:Illuminate\\Pipeline\\Pipeline::carry():194}:195}()
#12 /home/drgroupb/public_html/vendor/laravel/framework/src/Illuminate/Pipeline/Pipeline.php(219): Illuminate\\Foundation\\Http\\Middleware\\PreventRequestForgery->handle()
#13 /home/drgroupb/public_html/vendor/laravel/framework/src/Illuminate/View/Middleware/ShareErrorsFromSession.php(48): Illuminate\\Pipeline\\Pipeline->{closure:{closure:Illuminate\\Pipeline\\Pipeline::carry():194}:195}()
#14 /home/drgroupb/public_html/vendor/laravel/framework/src/Illuminate/Pipeline/Pipeline.php(219): Illuminate\\View\\Middleware\\ShareErrorsFromSession->handle()
#15 /home/drgroupb/public_html/vendor/laravel/framework/src/Illuminate/Session/Middleware/StartSession.php(120): Illuminate\\Pipeline\\Pipeline->{closure:{closure:Illuminate\\Pipeline\\Pipeline::carry():194}:195}()
#16 /home/drgroupb/public_html/vendor/laravel/framework/src/Illuminate/Session/Middleware/StartSession.php(63): Illuminate\\Session\\Middleware\\StartSession->handleStatefulRequest()
#17 /home/drgroupb/public_html/vendor/laravel/framework/src/Illuminate/Pipeline/Pipeline.php(219): Illuminate\\Session\\Middleware\\StartSession->handle()
#18 /home/drgroupb/public_html/vendor/laravel/framework/src/Illuminate/Cookie/Middleware/AddQueuedCookiesToResponse.php(36): Illuminate\\Pipeline\\Pipeline->{closure:{closure:Illuminate\\Pipeline\\Pipeline::carry():194}:195}()
#19 /home/drgroupb/public_html/vendor/laravel/framework/src/Illuminate/Pipeline/Pipeline.php(219): Illuminate\\Cookie\\Middleware\\AddQueuedCookiesToResponse->handle()
#20 /home/drgroupb/public_html/vendor/laravel/framework/src/Illuminate/Cookie/Middleware/EncryptCookies.php(74): Illuminate\\Pipeline\\Pipeline->{closure:{closure:Illuminate\\Pipeline\\Pipeline::carry():194}:195}()
#21 /home/drgroupb/public_html/vendor/laravel/framework/src/Illuminate/Pipeline/Pipeline.php(219): Illuminate\\Cookie\\Middleware\\EncryptCookies->handle()
#22 /home/drgroupb/public_html/vendor/laravel/framework/src/Illuminate/Pipeline/Pipeline.php(137): Illuminate\\Pipeline\\Pipeline->{closure:{closure:Illuminate\\Pipeline\\Pipeline::carry():194}:195}()
#23 /home/drgroupb/public_html/vendor/laravel/framework/src/Illuminate/Routing/Router.php(821): Illuminate\\Pipeline\\Pipeline->then()
#24 /home/drgroupb/public_html/vendor/laravel/framework/src/Illuminate/Routing/Router.php(800): Illuminate\\Routing\\Router->runRouteWithinStack()
#25 /home/drgroupb/public_html/vendor/laravel/framework/src/Illuminate/Routing/Router.php(764): Illuminate\\Routing\\Router->runRoute()
#26 /home/drgroupb/public_html/vendor/laravel/framework/src/Illuminate/Routing/Router.php(753): Illuminate\\Routing\\Router->dispatchToRoute()
#27 /home/drgroupb/public_html/vendor/laravel/framework/src/Illuminate/Foundation/Http/Kernel.php(200): Illuminate\\Routing\\Router->dispatch()
#28 /home/drgroupb/public_html/vendor/laravel/framework/src/Illuminate/Pipeline/Pipeline.php(180): Illuminate\\Foundation\\Http\\Kernel->{closure:Illuminate\\Foundation\\Http\\Kernel::dispatchToRouter():197}()
#29 /home/drgroupb/public_html/vendor/laravel/framework/src/Illuminate/Foundation/Http/Middleware/TransformsRequest.php(21): Illuminate\\Pipeline\\Pipeline->{closure:Illuminate\\Pipeline\\Pipeline::prepareDestination():178}()
#30 /home/drgroupb/public_html/vendor/laravel/framework/src/Illuminate/Foundation/Http/Middleware/ConvertEmptyStringsToNull.php(31): Illuminate\\Foundation\\Http\\Middleware\\TransformsRequest->handle()
#31 /home/drgroupb/public_html/vendor/laravel/framework/src/Illuminate/Pipeline/Pipeline.php(219): Illuminate\\Foundation\\Http\\Middleware\\ConvertEmptyStringsToNull->handle()
#32 /home/drgroupb/public_html/vendor/laravel/framework/src/Illuminate/Foundation/Http/Middleware/TransformsRequest.php(21): Illuminate\\Pipeline\\Pipeline->{closure:{closure:Illuminate\\Pipeline\\Pipeline::carry():194}:195}()
#33 /home/drgroupb/public_html/vendor/laravel/framework/src/Illuminate/Foundation/Http/Middleware/TrimStrings.php(51): Illuminate\\Foundation\\Http\\Middleware\\TransformsRequest->handle()
#34 /home/drgroupb/public_html/vendor/laravel/framework/src/Illuminate/Pipeline/Pipeline.php(219): Illuminate\\Foundation\\Http\\Middleware\\TrimStrings->handle()
#35 /home/drgroupb/public_html/vendor/laravel/framework/src/Illuminate/Http/Middleware/ValidatePostSize.php(27): Illuminate\\Pipeline\\Pipeline->{closure:{closure:Illuminate\\Pipeline\\Pipeline::carry():194}:195}()
#36 /home/drgroupb/public_html/vendor/laravel/framework/src/Illuminate/Pipeline/Pipeline.php(219): Illuminate\\Http\\Middleware\\ValidatePostSize->handle()
#37 /home/drgroupb/public_html/vendor/laravel/framework/src/Illuminate/Foundation/Http/Middleware/PreventRequestsDuringMaintenance.php(110): Illuminate\\Pipeline\\Pipeline->{closure:{closure:Illuminate\\Pipeline\\Pipeline::carry():194}:195}()
#38 /home/drgroupb/public_html/vendor/laravel/framework/src/Illuminate/Pipeline/Pipeline.php(219): Illuminate\\Foundation\\Http\\Middleware\\PreventRequestsDuringMaintenance->handle()
#39 /home/drgroupb/public_html/vendor/laravel/framework/src/Illuminate/Http/Middleware/HandleCors.php(61): Illuminate\\Pipeline\\Pipeline->{closure:{closure:Illuminate\\Pipeline\\Pipeline::carry():194}:195}()
#40 /home/drgroupb/public_html/vendor/laravel/framework/src/Illuminate/Pipeline/Pipeline.php(219): Illuminate\\Http\\Middleware\\HandleCors->handle()
#41 /home/drgroupb/public_html/vendor/laravel/framework/src/Illuminate/Http/Middleware/TrustProxies.php(58): Illuminate\\Pipeline\\Pipeline->{closure:{closure:Illuminate\\Pipeline\\Pipeline::carry():194}:195}()
#42 /home/drgroupb/public_html/vendor/laravel/framework/src/Illuminate/Pipeline/Pipeline.php(219): Illuminate\\Http\\Middleware\\TrustProxies->handle()
#43 /home/drgroupb/public_html/vendor/laravel/framework/src/Illuminate/Foundation/Http/Middleware/InvokeDeferredCallbacks.php(22): Illuminate\\Pipeline\\Pipeline->{closure:{closure:Illuminate\\Pipeline\\Pipeline::carry():194}:195}()
#44 /home/drgroupb/public_html/vendor/laravel/framework/src/Illuminate/Pipeline/Pipeline.php(219): Illuminate\\Foundation\\Http\\Middleware\\InvokeDeferredCallbacks->handle()
#45 /home/drgroupb/public_html/vendor/laravel/framework/src/Illuminate/Http/Middleware/ValidatePathEncoding.php(28): Illuminate\\Pipeline\\Pipeline->{closure:{closure:Illuminate\\Pipeline\\Pipeline::carry():194}:195}()
#46 /home/drgroupb/public_html/vendor/laravel/framework/src/Illuminate/Pipeline/Pipeline.php(219): Illuminate\\Http\\Middleware\\ValidatePathEncoding->handle()
#47 /home/drgroupb/public_html/vendor/laravel/framework/src/Illuminate/Pipeline/Pipeline.php(137): Illuminate\\Pipeline\\Pipeline->{closure:{closure:Illuminate\\Pipeline\\Pipeline::carry():194}:195}()
#48 /home/drgroupb/public_html/vendor/laravel/framework/src/Illuminate/Foundation/Http/Kernel.php(175): Illuminate\\Pipeline\\Pipeline->then()
#49 /home/drgroupb/public_html/vendor/laravel/framework/src/Illuminate/Foundation/Http/Kernel.php(144): Illuminate\\Foundation\\Http\\Kernel->sendRequestThroughRouter()
#50 /home/drgroupb/public_html/vendor/laravel/framework/src/Illuminate/Foundation/Application.php(1227): Illuminate\\Foundation\\Http\\Kernel->handle()
#51 /home/drgroupb/public_html/index.php(31): Illuminate\\Foundation\\Application->handleRequest()
#52 {main}
"} 
[2026-09-16 17:18:23] production.ERROR: View [home] not found. {"exception":"[object] (InvalidArgumentException(code: 0): View [home] not found. at /home/drgroupb/public_html/vendor/laravel/framework/src/Illuminate/View/FileViewFinder.php:138)
[stacktrace]
#0 /home/drgroupb/public_html/vendor/laravel/framework/src/Illuminate/View/FileViewFinder.php(78): Illuminate\\View\\FileViewFinder->findInPaths()
#1 /home/drgroupb/public_html/vendor/laravel/framework/src/Illuminate/View/Factory.php(150): Illuminate\\View\\FileViewFinder->find()
#2 /home/drgroupb/public_html/vendor/laravel/framework/src/Illuminate/Foundation/helpers.php(1101): Illuminate\\View\\Factory->make()
#3 /home/drgroupb/public_html/app/Http/Controllers/HomeController.php(27): view()
#4 /home/drgroupb/public_html/vendor/laravel/framework/src/Illuminate/Routing/ControllerDispatcher.php(46): App\\Http\\Controllers\\HomeController->index()
#5 /home/drgroupb/public_html/vendor/laravel/framework/src/Illuminate/Routing/Route.php(276): Illuminate\\Routing\\ControllerDispatcher->dispatch()
#6 /home/drgroupb/public_html/vendor/laravel/framework/src/Illuminate/Routing/Route.php(216): Illuminate\\Routing\\Route->runController()
#7 /home/drgroupb/public_html/vendor/laravel/framework/src/Illuminate/Routing/Router.php(822): Illuminate\\Routing\\Route->run()
#8 /home/drgroupb/public_html/vendor/laravel/framework/src/Illuminate/Pipeline/Pipeline.php(180): Illuminate\\Routing\\Router->{closure:Illuminate\\Routing\\Router::runRouteWithinStack():821}()
#9 /home/drgroupb/public_html/vendor/laravel/framework/src/Illuminate/Routing/Middleware/SubstituteBindings.php(52): Illuminate\\Pipeline\\Pipeline->{closure:Illuminate\\Pipeline\\Pipeline::prepareDestination():178}()
#10 /home/drgroupb/public_html/vendor/laravel/framework/src/Illuminate/Pipeline/Pipeline.php(219): Illuminate\\Routing\\Middleware\\SubstituteBindings->handle()
#11 /home/drgroupb/public_html/vendor/laravel/framework/src/Illuminate/Foundation/Http/Middleware/PreventRequestForgery.php(104): Illuminate\\Pipeline\\Pipeline->{closure:{closure:Illuminate\\Pipeline\\Pipeline::carry():194}:195}()
#12 /home/drgroupb/public_html/vendor/laravel/framework/src/Illuminate/Pipeline/Pipeline.php(219): Illuminate\\Foundation\\Http\\Middleware\\PreventRequestForgery->handle()
#13 /home/drgroupb/public_html/vendor/laravel/framework/src/Illuminate/View/Middleware/ShareErrorsFromSession.php(48): Illuminate\\Pipeline\\Pipeline->{closure:{closure:Illuminate\\Pipeline\\Pipeline::carry():194}:195}()
#14 /home/drgroupb/public_html/vendor/laravel/framework/src/Illuminate/Pipeline/Pipeline.php(219): Illuminate\\View\\Middleware\\ShareErrorsFromSession->handle()
#15 /home/drgroupb/public_html/vendor/laravel/framework/src/Illuminate/Session/Middleware/StartSession.php(120): Illuminate\\Pipeline\\Pipeline->{closure:{closure:Illuminate\\Pipeline\\Pipeline::carry():194}:195}()
#16 /home/drgroupb/public_html/vendor/laravel/framework/src/Illuminate/Session/Middleware/StartSession.php(63): Illuminate\\Session\\Middleware\\StartSession->handleStatefulRequest()
#17 /home/drgroupb/public_html/vendor/laravel/framework/src/Illuminate/Pipeline/Pipeline.php(219): Illuminate\\Session\\Middleware\\StartSession->handle()
#18 /home/drgroupb/public_html/vendor/laravel/framework/src/Illuminate/Cookie/Middleware/AddQueuedCookiesToResponse.php(36): Illuminate\\Pipeline\\Pipeline->{closure:{closure:Illuminate\\Pipeline\\Pipeline::carry():194}:195}()
#19 /home/drgroupb/public_html/vendor/laravel/framework/src/Illuminate/Pipeline/Pipeline.php(219): Illuminate\\Cookie\\Middleware\\AddQueuedCookiesToResponse->handle()
#20 /home/drgroupb/public_html/vendor/laravel/framework/src/Illuminate/Cookie/Middleware/EncryptCookies.php(74): Illuminate\\Pipeline\\Pipeline->{closure:{closure:Illuminate\\Pipeline\\Pipeline::carry():194}:195}()
#21 /home/drgroupb/public_html/vendor/laravel/framework/src/Illuminate/Pipeline/Pipeline.php(219): Illuminate\\Cookie\\Middleware\\EncryptCookies->handle()
#22 /home/drgroupb/public_html/vendor/laravel/framework/src/Illuminate/Pipeline/Pipeline.php(137): Illuminate\\Pipeline\\Pipeline->{closure:{closure:Illuminate\\Pipeline\\Pipeline::carry():194}:195}()
#23 /home/drgroupb/public_html/vendor/laravel/framework/src/Illuminate/Routing/Router.php(821): Illuminate\\Pipeline\\Pipeline->then()
#24 /home/drgroupb/public_html/vendor/laravel/framework/src/Illuminate/Routing/Router.php(800): Illuminate\\Routing\\Router->runRouteWithinStack()
#25 /home/drgroupb/public_html/vendor/laravel/framework/src/Illuminate/Routing/Router.php(764): Illuminate\\Routing\\Router->runRoute()
#26 /home/drgroupb/public_html/vendor/laravel/framework/src/Illuminate/Routing/Router.php(753): Illuminate\\Routing\\Router->dispatchToRoute()
#27 /home/drgroupb/public_html/vendor/laravel/framework/src/Illuminate/Foundation/Http/Kernel.php(200): Illuminate\\Routing\\Router->dispatch()
#28 /home/drgroupb/public_html/vendor/laravel/framework/src/Illuminate/Pipeline/Pipeline.php(180): Illuminate\\Foundation\\Http\\Kernel->{closure:Illuminate\\Foundation\\Http\\Kernel::dispatchToRouter():197}()
#29 /home/drgroupb/public_html/vendor/laravel/framework/src/Illuminate/Foundation/Http/Middleware/TransformsRequest.php(21): Illuminate\\Pipeline\\Pipeline->{closure:Illuminate\\Pipeline\\Pipeline::prepareDestination():178}()
#30 /home/drgroupb/public_html/vendor/laravel/framework/src/Illuminate/Foundation/Http/Middleware/ConvertEmptyStringsToNull.php(31): Illuminate\\Foundation\\Http\\Middleware\\TransformsRequest->handle()
#31 /home/drgroupb/public_html/vendor/laravel/framework/src/Illuminate/Pipeline/Pipeline.php(219): Illuminate\\Foundation\\Http\\Middleware\\ConvertEmptyStringsToNull->handle()
#32 /home/drgroupb/public_html/vendor/laravel/framework/src/Illuminate/Foundation/Http/Middleware/TransformsRequest.php(21): Illuminate\\Pipeline\\Pipeline->{closure:{closure:Illuminate\\Pipeline\\Pipeline::carry():194}:195}()
#33 /home/drgroupb/public_html/vendor/laravel/framework/src/Illuminate/Foundation/Http/Middleware/TrimStrings.php(51): Illuminate\\Foundation\\Http\\Middleware\\TransformsRequest->handle()
#34 /home/drgroupb/public_html/vendor/laravel/framework/src/Illuminate/Pipeline/Pipeline.php(219): Illuminate\\Foundation\\Http\\Middleware\\TrimStrings->handle()
#35 /home/drgroupb/public_html/vendor/laravel/framework/src/Illuminate/Http/Middleware/ValidatePostSize.php(27): Illuminate\\Pipeline\\Pipeline->{closure:{closure:Illuminate\\Pipeline\\Pipeline::carry():194}:195}()
#36 /home/drgroupb/public_html/vendor/laravel/framework/src/Illuminate/Pipeline/Pipeline.php(219): Illuminate\\Http\\Middleware\\ValidatePostSize->handle()
#37 /home/drgroupb/public_html/vendor/laravel/framework/src/Illuminate/Foundation/Http/Middleware/PreventRequestsDuringMaintenance.php(110): Illuminate\\Pipeline\\Pipeline->{closure:{closure:Illuminate\\Pipeline\\Pipeline::carry():194}:195}()
#38 /home/drgroupb/public_html/vendor/laravel/framework/src/Illuminate/Pipeline/Pipeline.php(219): Illuminate\\Foundation\\Http\\Middleware\\PreventRequestsDuringMaintenance->handle()
#39 /home/drgroupb/public_html/vendor/laravel/framework/src/Illuminate/Http/Middleware/HandleCors.php(61): Illuminate\\Pipeline\\Pipeline->{closure:{closure:Illuminate\\Pipeline\\Pipeline::carry():194}:195}()
#40 /home/drgroupb/public_html/vendor/laravel/framework/src/Illuminate/Pipeline/Pipeline.php(219): Illuminate\\Http\\Middleware\\HandleCors->handle()
#41 /home/drgroupb/public_html/vendor/laravel/framework/src/Illuminate/Http/Middleware/TrustProxies.php(58): Illuminate\\Pipeline\\Pipeline->{closure:{closure:Illuminate\\Pipeline\\Pipeline::carry():194}:195}()
#42 /home/drgroupb/public_html/vendor/laravel/framework/src/Illuminate/Pipeline/Pipeline.php(219): Illuminate\\Http\\Middleware\\TrustProxies->handle()
#43 /home/drgroupb/public_html/vendor/laravel/framework/src/Illuminate/Foundation/Http/Middleware/InvokeDeferredCallbacks.php(22): Illuminate\\Pipeline\\Pipeline->{closure:{closure:Illuminate\\Pipeline\\Pipeline::carry():194}:195}()
#44 /home/drgroupb/public_html/vendor/laravel/framework/src/Illuminate/Pipeline/Pipeline.php(219): Illuminate\\Foundation\\Http\\Middleware\\InvokeDeferredCallbacks->handle()
#45 /home/drgroupb/public_html/vendor/laravel/framework/src/Illuminate/Http/Middleware/ValidatePathEncoding.php(28): Illuminate\\Pipeline\\Pipeline->{closure:{closure:Illuminate\\Pipeline\\Pipeline::carry():194}:195}()
#46 /home/drgroupb/public_html/vendor/laravel/framework/src/Illuminate/Pipeline/Pipeline.php(219): Illuminate\\Http\\Middleware\\ValidatePathEncoding->handle()
#47 /home/drgroupb/public_html/vendor/laravel/framework/src/Illuminate/Pipeline/Pipeline.php(137): Illuminate\\Pipeline\\Pipeline->{closure:{closure:Illuminate\\Pipeline\\Pipeline::carry():194}:195}()
#48 /home/drgroupb/public_html/vendor/laravel/framework/src/Illuminate/Foundation/Http/Kernel.php(175): Illuminate\\Pipeline\\Pipeline->then()
#49 /home/drgroupb/public_html/vendor/laravel/framework/src/Illuminate/Foundation/Http/Kernel.php(144): Illuminate\\Foundation\\Http\\Kernel->sendRequestThroughRouter()
#50 /home/drgroupb/public_html/vendor/laravel/framework/src/Illuminate/Foundation/Application.php(1227): Illuminate\\Foundation\\Http\\Kernel->handle()
#51 /home/drgroupb/public_html/index.php(31): Illuminate\\Foundation\\Application->handleRequest()
#52 {main}
"} 
[2026-09-16 17:18:30] production.ERROR: View [home] not found. {"exception":"[object] (InvalidArgumentException(code: 0): View [home] not found. at /home/drgroupb/public_html/vendor/laravel/framework/src/Illuminate/View/FileViewFinder.php:138)
[stacktrace]
#0 /home/drgroupb/public_html/vendor/laravel/framework/src/Illuminate/View/FileViewFinder.php(78): Illuminate\\View\\FileViewFinder->findInPaths()
#1 /home/drgroupb/public_html/vendor/laravel/framework/src/Illuminate/View/Factory.php(150): Illuminate\\View\\FileViewFinder->find()
#2 /home/drgroupb/public_html/vendor/laravel/framework/src/Illuminate/Foundation/helpers.php(1101): Illuminate\\View\\Factory->make()
#3 /home/drgroupb/public_html/app/Http/Controllers/HomeController.php(27): view()
#4 /home/drgroupb/public_html/vendor/laravel/framework/src/Illuminate/Routing/ControllerDispatcher.php(46): App\\Http\\Controllers\\HomeController->index()
#5 /home/drgroupb/public_html/vendor/laravel/framework/src/Illuminate/Routing/Route.php(276): Illuminate\\Routing\\ControllerDispatcher->dispatch()
#6 /home/drgroupb/public_html/vendor/laravel/framework/src/Illuminate/Routing/Route.php(216): Illuminate\\Routing\\Route->runController()
#7 /home/drgroupb/public_html/vendor/laravel/framework/src/Illuminate/Routing/Router.php(822): Illuminate\\Routing\\Route->run()
#8 /home/drgroupb/public_html/vendor/laravel/framework/src/Illuminate/Pipeline/Pipeline.php(180): Illuminate\\Routing\\Router->{closure:Illuminate\\Routing\\Router::runRouteWithinStack():821}()
#9 /home/drgroupb/public_html/vendor/laravel/framework/src/Illuminate/Routing/Middleware/SubstituteBindings.php(52): Illuminate\\Pipeline\\Pipeline->{closure:Illuminate\\Pipeline\\Pipeline::prepareDestination():178}()
#10 /home/drgroupb/public_html/vendor/laravel/framework/src/Illuminate/Pipeline/Pipeline.php(219): Illuminate\\Routing\\Middleware\\SubstituteBindings->handle()
#11 /home/drgroupb/public_html/vendor/laravel/framework/src/Illuminate/Foundation/Http/Middleware/PreventRequestForgery.php(104): Illuminate\\Pipeline\\Pipeline->{closure:{closure:Illuminate\\Pipeline\\Pipeline::carry():194}:195}()
#12 /home/drgroupb/public_html/vendor/laravel/framework/src/Illuminate/Pipeline/Pipeline.php(219): Illuminate\\Foundation\\Http\\Middleware\\PreventRequestForgery->handle()
#13 /home/drgroupb/public_html/vendor/laravel/framework/src/Illuminate/View/Middleware/ShareErrorsFromSession.php(48): Illuminate\\Pipeline\\Pipeline->{closure:{closure:Illuminate\\Pipeline\\Pipeline::carry():194}:195}()
#14 /home/drgroupb/public_html/vendor/laravel/framework/src/Illuminate/Pipeline/Pipeline.php(219): Illuminate\\View\\Middleware\\ShareErrorsFromSession->handle()
#15 /home/drgroupb/public_html/vendor/laravel/framework/src/Illuminate/Session/Middleware/StartSession.php(120): Illuminate\\Pipeline\\Pipeline->{closure:{closure:Illuminate\\Pipeline\\Pipeline::carry():194}:195}()
#16 /home/drgroupb/public_html/vendor/laravel/framework/src/Illuminate/Session/Middleware/StartSession.php(63): Illuminate\\Session\\Middleware\\StartSession->handleStatefulRequest()
#17 /home/drgroupb/public_html/vendor/laravel/framework/src/Illuminate/Pipeline/Pipeline.php(219): Illuminate\\Session\\Middleware\\StartSession->handle()
#18 /home/drgroupb/public_html/vendor/laravel/framework/src/Illuminate/Cookie/Middleware/AddQueuedCookiesToResponse.php(36): Illuminate\\Pipeline\\Pipeline->{closure:{closure:Illuminate\\Pipeline\\Pipeline::carry():194}:195}()
#19 /home/drgroupb/public_html/vendor/laravel/framework/src/Illuminate/Pipeline/Pipeline.php(219): Illuminate\\Cookie\\Middleware\\AddQueuedCookiesToResponse->handle()
#20 /home/drgroupb/public_html/vendor/laravel/framework/src/Illuminate/Cookie/Middleware/EncryptCookies.php(74): Illuminate\\Pipeline\\Pipeline->{closure:{closure:Illuminate\\Pipeline\\Pipeline::carry():194}:195}()
#21 /home/drgroupb/public_html/vendor/laravel/framework/src/Illuminate/Pipeline/Pipeline.php(219): Illuminate\\Cookie\\Middleware\\EncryptCookies->handle()
#22 /home/drgroupb/public_html/vendor/laravel/framework/src/Illuminate/Pipeline/Pipeline.php(137): Illuminate\\Pipeline\\Pipeline->{closure:{closure:Illuminate\\Pipeline\\Pipeline::carry():194}:195}()
#23 /home/drgroupb/public_html/vendor/laravel/framework/src/Illuminate/Routing/Router.php(821): Illuminate\\Pipeline\\Pipeline->then()
#24 /home/drgroupb/public_html/vendor/laravel/framework/src/Illuminate/Routing/Router.php(800): Illuminate\\Routing\\Router->runRouteWithinStack()
#25 /home/drgroupb/public_html/vendor/laravel/framework/src/Illuminate/Routing/Router.php(764): Illuminate\\Routing\\Router->runRoute()
#26 /home/drgroupb/public_html/vendor/laravel/framework/src/Illuminate/Routing/Router.php(753): Illuminate\\Routing\\Router->dispatchToRoute()
#27 /home/drgroupb/public_html/vendor/laravel/framework/src/Illuminate/Foundation/Http/Kernel.php(200): Illuminate\\Routing\\Router->dispatch()
#28 /home/drgroupb/public_html/vendor/laravel/framework/src/Illuminate/Pipeline/Pipeline.php(180): Illuminate\\Foundation\\Http\\Kernel->{closure:Illuminate\\Foundation\\Http\\Kernel::dispatchToRouter():197}()
#29 /home/drgroupb/public_html/vendor/laravel/framework/src/Illuminate/Foundation/Http/Middleware/TransformsRequest.php(21): Illuminate\\Pipeline\\Pipeline->{closure:Illuminate\\Pipeline\\Pipeline::prepareDestination():178}()
#30 /home/drgroupb/public_html/vendor/laravel/framework/src/Illuminate/Foundation/Http/Middleware/ConvertEmptyStringsToNull.php(31): Illuminate\\Foundation\\Http\\Middleware\\TransformsRequest->handle()
#31 /home/drgroupb/public_html/vendor/laravel/framework/src/Illuminate/Pipeline/Pipeline.php(219): Illuminate\\Foundation\\Http\\Middleware\\ConvertEmptyStringsToNull->handle()
#32 /home/drgroupb/public_html/vendor/laravel/framework/src/Illuminate/Foundation/Http/Middleware/TransformsRequest.php(21): Illuminate\\Pipeline\\Pipeline->{closure:{closure:Illuminate\\Pipeline\\Pipeline::carry():194}:195}()
#33 /home/drgroupb/public_html/vendor/laravel/framework/src/Illuminate/Foundation/Http/Middleware/TrimStrings.php(51): Illuminate\\Foundation\\Http\\Middleware\\TransformsRequest->handle()
#34 /home/drgroupb/public_html/vendor/laravel/framework/src/Illuminate/Pipeline/Pipeline.php(219): Illuminate\\Foundation\\Http\\Middleware\\TrimStrings->handle()
#35 /home/drgroupb/public_html/vendor/laravel/framework/src/Illuminate/Http/Middleware/ValidatePostSize.php(27): Illuminate\\Pipeline\\Pipeline->{closure:{closure:Illuminate\\Pipeline\\Pipeline::carry():194}:195}()
#36 /home/drgroupb/public_html/vendor/laravel/framework/src/Illuminate/Pipeline/Pipeline.php(219): Illuminate\\Http\\Middleware\\ValidatePostSize->handle()
#37 /home/drgroupb/public_html/vendor/laravel/framework/src/Illuminate/Foundation/Http/Middleware/PreventRequestsDuringMaintenance.php(110): Illuminate\\Pipeline\\Pipeline->{closure:{closure:Illuminate\\Pipeline\\Pipeline::carry():194}:195}()
#38 /home/drgroupb/public_html/vendor/laravel/framework/src/Illuminate/Pipeline/Pipeline.php(219): Illuminate\\Foundation\\Http\\Middleware\\PreventRequestsDuringMaintenance->handle()
#39 /home/drgroupb/public_html/vendor/laravel/framework/src/Illuminate/Http/Middleware/HandleCors.php(61): Illuminate\\Pipeline\\Pipeline->{closure:{closure:Illuminate\\Pipeline\\Pipeline::carry():194}:195}()
#40 /home/drgroupb/public_html/vendor/laravel/framework/src/Illuminate/Pipeline/Pipeline.php(219): Illuminate\\Http\\Middleware\\HandleCors->handle()
#41 /home/drgroupb/public_html/vendor/laravel/framework/src/Illuminate/Http/Middleware/TrustProxies.php(58): Illuminate\\Pipeline\\Pipeline->{closure:{closure:Illuminate\\Pipeline\\Pipeline::carry():194}:195}()
#42 /home/drgroupb/public_html/vendor/laravel/framework/src/Illuminate/Pipeline/Pipeline.php(219): Illuminate\\Http\\Middleware\\TrustProxies->handle()
#43 /home/drgroupb/public_html/vendor/laravel/framework/src/Illuminate/Foundation/Http/Middleware/InvokeDeferredCallbacks.php(22): Illuminate\\Pipeline\\Pipeline->{closure:{closure:Illuminate\\Pipeline\\Pipeline::carry():194}:195}()
#44 /home/drgroupb/public_html/vendor/laravel/framework/src/Illuminate/Pipeline/Pipeline.php(219): Illuminate\\Foundation\\Http\\Middleware\\InvokeDeferredCallbacks->handle()
#45 /home/drgroupb/public_html/vendor/laravel/framework/src/Illuminate/Http/Middleware/ValidatePathEncoding.php(28): Illuminate\\Pipeline\\Pipeline->{closure:{closure:Illuminate\\Pipeline\\Pipeline::carry():194}:195}()
#46 /home/drgroupb/public_html/vendor/laravel/framework/src/Illuminate/Pipeline/Pipeline.php(219): Illuminate\\Http\\Middleware\\ValidatePathEncoding->handle()
#47 /home/drgroupb/public_html/vendor/laravel/framework/src/Illuminate/Pipeline/Pipeline.php(137): Illuminate\\Pipeline\\Pipeline->{closure:{closure:Illuminate\\Pipeline\\Pipeline::carry():194}:195}()
#48 /home/drgroupb/public_html/vendor/laravel/framework/src/Illuminate/Foundation/Http/Kernel.php(175): Illuminate\\Pipeline\\Pipeline->then()
#49 /home/drgroupb/public_html/vendor/laravel/framework/src/Illuminate/Foundation/Http/Kernel.php(144): Illuminate\\Foundation\\Http\\Kernel->sendRequestThroughRouter()
#50 /home/drgroupb/public_html/vendor/laravel/framework/src/Illuminate/Foundation/Application.php(1227): Illuminate\\Foundation\\Http\\Kernel->handle()
#51 /home/drgroupb/public_html/index.php(31): Illuminate\\Foundation\\Application->handleRequest()
#52 {main}
"} 
[2026-09-16 17:18:30] production.ERROR: View [home] not found. {"exception":"[object] (InvalidArgumentException(code: 0): View [home] not found. at /home/drgroupb/public_html/vendor/laravel/framework/src/Illuminate/View/FileViewFinder.php:138)
[stacktrace]
#0 /home/drgroupb/public_html/vendor/laravel/framework/src/Illuminate/View/FileViewFinder.php(78): Illuminate\\View\\FileViewFinder->findInPaths()
#1 /home/drgroupb/public_html/vendor/laravel/framework/src/Illuminate/View/Factory.php(150): Illuminate\\View\\FileViewFinder->find()
#2 /home/drgroupb/public_html/vendor/laravel/framework/src/Illuminate/Foundation/helpers.php(1101): Illuminate\\View\\Factory->make()
#3 /home/drgroupb/public_html/app/Http/Controllers/HomeController.php(27): view()
#4 /home/drgroupb/public_html/vendor/laravel/framework/src/Illuminate/Routing/ControllerDispatcher.php(46): App\\Http\\Controllers\\HomeController->index()
#5 /home/drgroupb/public_html/vendor/laravel/framework/src/Illuminate/Routing/Route.php(276): Illuminate\\Routing\\ControllerDispatcher->dispatch()
#6 /home/drgroupb/public_html/vendor/laravel/framework/src/Illuminate/Routing/Route.php(216): Illuminate\\Routing\\Route->runController()
#7 /home/drgroupb/public_html/vendor/laravel/framework/src/Illuminate/Routing/Router.php(822): Illuminate\\Routing\\Route->run()
#8 /home/drgroupb/public_html/vendor/laravel/framework/src/Illuminate/Pipeline/Pipeline.php(180): Illuminate\\Routing\\Router->{closure:Illuminate\\Routing\\Router::runRouteWithinStack():821}()
#9 /home/drgroupb/public_html/vendor/laravel/framework/src/Illuminate/Routing/Middleware/SubstituteBindings.php(52): Illuminate\\Pipeline\\Pipeline->{closure:Illuminate\\Pipeline\\Pipeline::prepareDestination():178}()
#10 /home/drgroupb/public_html/vendor/laravel/framework/src/Illuminate/Pipeline/Pipeline.php(219): Illuminate\\Routing\\Middleware\\SubstituteBindings->handle()
#11 /home/drgroupb/public_html/vendor/laravel/framework/src/Illuminate/Foundation/Http/Middleware/PreventRequestForgery.php(104): Illuminate\\Pipeline\\Pipeline->{closure:{closure:Illuminate\\Pipeline\\Pipeline::carry():194}:195}()
#12 /home/drgroupb/public_html/vendor/laravel/framework/src/Illuminate/Pipeline/Pipeline.php(219): Illuminate\\Foundation\\Http\\Middleware\\PreventRequestForgery->handle()
#13 /home/drgroupb/public_html/vendor/laravel/framework/src/Illuminate/View/Middleware/ShareErrorsFromSession.php(48): Illuminate\\Pipeline\\Pipeline->{closure:{closure:Illuminate\\Pipeline\\Pipeline::carry():194}:195}()
#14 /home/drgroupb/public_html/vendor/laravel/framework/src/Illuminate/Pipeline/Pipeline.php(219): Illuminate\\View\\Middleware\\ShareErrorsFromSession->handle()
#15 /home/drgroupb/public_html/vendor/laravel/framework/src/Illuminate/Session/Middleware/StartSession.php(120): Illuminate\\Pipeline\\Pipeline->{closure:{closure:Illuminate\\Pipeline\\Pipeline::carry():194}:195}()
#16 /home/drgroupb/public_html/vendor/laravel/framework/src/Illuminate/Session/Middleware/StartSession.php(63): Illuminate\\Session\\Middleware\\StartSession->handleStatefulRequest()
#17 /home/drgroupb/public_html/vendor/laravel/framework/src/Illuminate/Pipeline/Pipeline.php(219): Illuminate\\Session\\Middleware\\StartSession->handle()
#18 /home/drgroupb/public_html/vendor/laravel/framework/src/Illuminate/Cookie/Middleware/AddQueuedCookiesToResponse.php(36): Illuminate\\Pipeline\\Pipeline->{closure:{closure:Illuminate\\Pipeline\\Pipeline::carry():194}:195}()
#19 /home/drgroupb/public_html/vendor/laravel/framework/src/Illuminate/Pipeline/Pipeline.php(219): Illuminate\\Cookie\\Middleware\\AddQueuedCookiesToResponse->handle()
#20 /home/drgroupb/public_html/vendor/laravel/framework/src/Illuminate/Cookie/Middleware/EncryptCookies.php(74): Illuminate\\Pipeline\\Pipeline->{closure:{closure:Illuminate\\Pipeline\\Pipeline::carry():194}:195}()
#21 /home/drgroupb/public_html/vendor/laravel/framework/src/Illuminate/Pipeline/Pipeline.php(219): Illuminate\\Cookie\\Middleware\\EncryptCookies->handle()
#22 /home/drgroupb/public_html/vendor/laravel/framework/src/Illuminate/Pipeline/Pipeline.php(137): Illuminate\\Pipeline\\Pipeline->{closure:{closure:Illuminate\\Pipeline\\Pipeline::carry():194}:195}()
#23 /home/drgroupb/public_html/vendor/laravel/framework/src/Illuminate/Routing/Router.php(821): Illuminate\\Pipeline\\Pipeline->then()
#24 /home/drgroupb/public_html/vendor/laravel/framework/src/Illuminate/Routing/Router.php(800): Illuminate\\Routing\\Router->runRouteWithinStack()
#25 /home/drgroupb/public_html/vendor/laravel/framework/src/Illuminate/Routing/Router.php(764): Illuminate\\Routing\\Router->runRoute()
#26 /home/drgroupb/public_html/vendor/laravel/framework/src/Illuminate/Routing/Router.php(753): Illuminate\\Routing\\Router->dispatchToRoute()
#27 /home/drgroupb/public_html/vendor/laravel/framework/src/Illuminate/Foundation/Http/Kernel.php(200): Illuminate\\Routing\\Router->dispatch()
#28 /home/drgroupb/public_html/vendor/laravel/framework/src/Illuminate/Pipeline/Pipeline.php(180): Illuminate\\Foundation\\Http\\Kernel->{closure:Illuminate\\Foundation\\Http\\Kernel::dispatchToRouter():197}()
#29 /home/drgroupb/public_html/vendor/laravel/framework/src/Illuminate/Foundation/Http/Middleware/TransformsRequest.php(21): Illuminate\\Pipeline\\Pipeline->{closure:Illuminate\\Pipeline\\Pipeline::prepareDestination():178}()
#30 /home/drgroupb/public_html/vendor/laravel/framework/src/Illuminate/Foundation/Http/Middleware/ConvertEmptyStringsToNull.php(31): Illuminate\\Foundation\\Http\\Middleware\\TransformsRequest->handle()
#31 /home/drgroupb/public_html/vendor/laravel/framework/src/Illuminate/Pipeline/Pipeline.php(219): Illuminate\\Foundation\\Http\\Middleware\\ConvertEmptyStringsToNull->handle()
#32 /home/drgroupb/public_html/vendor/laravel/framework/src/Illuminate/Foundation/Http/Middleware/TransformsRequest.php(21): Illuminate\\Pipeline\\Pipeline->{closure:{closure:Illuminate\\Pipeline\\Pipeline::carry():194}:195}()
#33 /home/drgroupb/public_html/vendor/laravel/framework/src/Illuminate/Foundation/Http/Middleware/TrimStrings.php(51): Illuminate\\Foundation\\Http\\Middleware\\TransformsRequest->handle()
#34 /home/drgroupb/public_html/vendor/laravel/framework/src/Illuminate/Pipeline/Pipeline.php(219): Illuminate\\Foundation\\Http\\Middleware\\TrimStrings->handle()
#35 /home/drgroupb/public_html/vendor/laravel/framework/src/Illuminate/Http/Middleware/ValidatePostSize.php(27): Illuminate\\Pipeline\\Pipeline->{closure:{closure:Illuminate\\Pipeline\\Pipeline::carry():194}:195}()
#36 /home/drgroupb/public_html/vendor/laravel/framework/src/Illuminate/Pipeline/Pipeline.php(219): Illuminate\\Http\\Middleware\\ValidatePostSize->handle()
#37 /home/drgroupb/public_html/vendor/laravel/framework/src/Illuminate/Foundation/Http/Middleware/PreventRequestsDuringMaintenance.php(110): Illuminate\\Pipeline\\Pipeline->{closure:{closure:Illuminate\\Pipeline\\Pipeline::carry():194}:195}()
#38 /home/drgroupb/public_html/vendor/laravel/framework/src/Illuminate/Pipeline/Pipeline.php(219): Illuminate\\Foundation\\Http\\Middleware\\PreventRequestsDuringMaintenance->handle()
#39 /home/drgroupb/public_html/vendor/laravel/framework/src/Illuminate/Http/Middleware/HandleCors.php(61): Illuminate\\Pipeline\\Pipeline->{closure:{closure:Illuminate\\Pipeline\\Pipeline::carry():194}:195}()
#40 /home/drgroupb/public_html/vendor/laravel/framework/src/Illuminate/Pipeline/Pipeline.php(219): Illuminate\\Http\\Middleware\\HandleCors->handle()
#41 /home/drgroupb/public_html/vendor/laravel/framework/src/Illuminate/Http/Middleware/TrustProxies.php(58): Illuminate\\Pipeline\\Pipeline->{closure:{closure:Illuminate\\Pipeline\\Pipeline::carry():194}:195}()
#42 /home/drgroupb/public_html/vendor/laravel/framework/src/Illuminate/Pipeline/Pipeline.php(219): Illuminate\\Http\\Middleware\\TrustProxies->handle()
#43 /home/drgroupb/public_html/vendor/laravel/framework/src/Illuminate/Foundation/Http/Middleware/InvokeDeferredCallbacks.php(22): Illuminate\\Pipeline\\Pipeline->{closure:{closure:Illuminate\\Pipeline\\Pipeline::carry():194}:195}()
#44 /home/drgroupb/public_html/vendor/laravel/framework/src/Illuminate/Pipeline/Pipeline.php(219): Illuminate\\Foundation\\Http\\Middleware\\InvokeDeferredCallbacks->handle()
#45 /home/drgroupb/public_html/vendor/laravel/framework/src/Illuminate/Http/Middleware/ValidatePathEncoding.php(28): Illuminate\\Pipeline\\Pipeline->{closure:{closure:Illuminate\\Pipeline\\Pipeline::carry():194}:195}()
#46 /home/drgroupb/public_html/vendor/laravel/framework/src/Illuminate/Pipeline/Pipeline.php(219): Illuminate\\Http\\Middleware\\ValidatePathEncoding->handle()
#47 /home/drgroupb/public_html/vendor/laravel/framework/src/Illuminate/Pipeline/Pipeline.php(137): Illuminate\\Pipeline\\Pipeline->{closure:{closure:Illuminate\\Pipeline\\Pipeline::carry():194}:195}()
#48 /home/drgroupb/public_html/vendor/laravel/framework/src/Illuminate/Foundation/Http/Kernel.php(175): Illuminate\\Pipeline\\Pipeline->then()
#49 /home/drgroupb/public_html/vendor/laravel/framework/src/Illuminate/Foundation/Http/Kernel.php(144): Illuminate\\Foundation\\Http\\Kernel->sendRequestThroughRouter()
#50 /home/drgroupb/public_html/vendor/laravel/framework/src/Illuminate/Foundation/Application.php(1227): Illuminate\\Foundation\\Http\\Kernel->handle()
#51 /home/drgroupb/public_html/index.php(31): Illuminate\\Foundation\\Application->handleRequest()
#52 {main}
"} 
[2026-09-16 17:20:44] production.ERROR: View [home] not found. {"exception":"[object] (InvalidArgumentException(code: 0): View [home] not found. at /home/drgroupb/public_html/vendor/laravel/framework/src/Illuminate/View/FileViewFinder.php:138)
[stacktrace]
#0 /home/drgroupb/public_html/vendor/laravel/framework/src/Illuminate/View/FileViewFinder.php(78): Illuminate\\View\\FileViewFinder->findInPaths()
#1 /home/drgroupb/public_html/vendor/laravel/framework/src/Illuminate/View/Factory.php(150): Illuminate\\View\\FileViewFinder->find()
#2 /home/drgroupb/public_html/vendor/laravel/framework/src/Illuminate/Foundation/helpers.php(1101): Illuminate\\View\\Factory->make()
#3 /home/drgroupb/public_html/app/Http/Controllers/HomeController.php(27): view()
#4 /home/drgroupb/public_html/vendor/laravel/framework/src/Illuminate/Routing/ControllerDispatcher.php(46): App\\Http\\Controllers\\HomeController->index()
#5 /home/drgroupb/public_html/vendor/laravel/framework/src/Illuminate/Routing/Route.php(276): Illuminate\\Routing\\ControllerDispatcher->dispatch()
#6 /home/drgroupb/public_html/vendor/laravel/framework/src/Illuminate/Routing/Route.php(216): Illuminate\\Routing\\Route->runController()
#7 /home/drgroupb/public_html/vendor/laravel/framework/src/Illuminate/Routing/Router.php(822): Illuminate\\Routing\\Route->run()
#8 /home/drgroupb/public_html/vendor/laravel/framework/src/Illuminate/Pipeline/Pipeline.php(180): Illuminate\\Routing\\Router->{closure:Illuminate\\Routing\\Router::runRouteWithinStack():821}()
#9 /home/drgroupb/public_html/vendor/laravel/framework/src/Illuminate/Routing/Middleware/SubstituteBindings.php(52): Illuminate\\Pipeline\\Pipeline->{closure:Illuminate\\Pipeline\\Pipeline::prepareDestination():178}()
#10 /home/drgroupb/public_html/vendor/laravel/framework/src/Illuminate/Pipeline/Pipeline.php(219): Illuminate\\Routing\\Middleware\\SubstituteBindings->handle()
#11 /home/drgroupb/public_html/vendor/laravel/framework/src/Illuminate/Foundation/Http/Middleware/PreventRequestForgery.php(104): Illuminate\\Pipeline\\Pipeline->{closure:{closure:Illuminate\\Pipeline\\Pipeline::carry():194}:195}()
#12 /home/drgroupb/public_html/vendor/laravel/framework/src/Illuminate/Pipeline/Pipeline.php(219): Illuminate\\Foundation\\Http\\Middleware\\PreventRequestForgery->handle()
#13 /home/drgroupb/public_html/vendor/laravel/framework/src/Illuminate/View/Middleware/ShareErrorsFromSession.php(48): Illuminate\\Pipeline\\Pipeline->{closure:{closure:Illuminate\\Pipeline\\Pipeline::carry():194}:195}()
#14 /home/drgroupb/public_html/vendor/laravel/framework/src/Illuminate/Pipeline/Pipeline.php(219): Illuminate\\View\\Middleware\\ShareErrorsFromSession->handle()
#15 /home/drgroupb/public_html/vendor/laravel/framework/src/Illuminate/Session/Middleware/StartSession.php(120): Illuminate\\Pipeline\\Pipeline->{closure:{closure:Illuminate\\Pipeline\\Pipeline::carry():194}:195}()
#16 /home/drgroupb/public_html/vendor/laravel/framework/src/Illuminate/Session/Middleware/StartSession.php(63): Illuminate\\Session\\Middleware\\StartSession->handleStatefulRequest()
#17 /home/drgroupb/public_html/vendor/laravel/framework/src/Illuminate/Pipeline/Pipeline.php(219): Illuminate\\Session\\Middleware\\StartSession->handle()
#18 /home/drgroupb/public_html/vendor/laravel/framework/src/Illuminate/Cookie/Middleware/AddQueuedCookiesToResponse.php(36): Illuminate\\Pipeline\\Pipeline->{closure:{closure:Illuminate\\Pipeline\\Pipeline::carry():194}:195}()
#19 /home/drgroupb/public_html/vendor/laravel/framework/src/Illuminate/Pipeline/Pipeline.php(219): Illuminate\\Cookie\\Middleware\\AddQueuedCookiesToResponse->handle()
#20 /home/drgroupb/public_html/vendor/laravel/framework/src/Illuminate/Cookie/Middleware/EncryptCookies.php(74): Illuminate\\Pipeline\\Pipeline->{closure:{closure:Illuminate\\Pipeline\\Pipeline::carry():194}:195}()
#21 /home/drgroupb/public_html/vendor/laravel/framework/src/Illuminate/Pipeline/Pipeline.php(219): Illuminate\\Cookie\\Middleware\\EncryptCookies->handle()
#22 /home/drgroupb/public_html/vendor/laravel/framework/src/Illuminate/Pipeline/Pipeline.php(137): Illuminate\\Pipeline\\Pipeline->{closure:{closure:Illuminate\\Pipeline\\Pipeline::carry():194}:195}()
#23 /home/drgroupb/public_html/vendor/laravel/framework/src/Illuminate/Routing/Router.php(821): Illuminate\\Pipeline\\Pipeline->then()
#24 /home/drgroupb/public_html/vendor/laravel/framework/src/Illuminate/Routing/Router.php(800): Illuminate\\Routing\\Router->runRouteWithinStack()
#25 /home/drgroupb/public_html/vendor/laravel/framework/src/Illuminate/Routing/Router.php(764): Illuminate\\Routing\\Router->runRoute()
#26 /home/drgroupb/public_html/vendor/laravel/framework/src/Illuminate/Routing/Router.php(753): Illuminate\\Routing\\Router->dispatchToRoute()
#27 /home/drgroupb/public_html/vendor/laravel/framework/src/Illuminate/Foundation/Http/Kernel.php(200): Illuminate\\Routing\\Router->dispatch()
#28 /home/drgroupb/public_html/vendor/laravel/framework/src/Illuminate/Pipeline/Pipeline.php(180): Illuminate\\Foundation\\Http\\Kernel->{closure:Illuminate\\Foundation\\Http\\Kernel::dispatchToRouter():197}()
#29 /home/drgroupb/public_html/vendor/laravel/framework/src/Illuminate/Foundation/Http/Middleware/TransformsRequest.php(21): Illuminate\\Pipeline\\Pipeline->{closure:Illuminate\\Pipeline\\Pipeline::prepareDestination():178}()
#30 /home/drgroupb/public_html/vendor/laravel/framework/src/Illuminate/Foundation/Http/Middleware/ConvertEmptyStringsToNull.php(31): Illuminate\\Foundation\\Http\\Middleware\\TransformsRequest->handle()
#31 /home/drgroupb/public_html/vendor/laravel/framework/src/Illuminate/Pipeline/Pipeline.php(219): Illuminate\\Foundation\\Http\\Middleware\\ConvertEmptyStringsToNull->handle()
#32 /home/drgroupb/public_html/vendor/laravel/framework/src/Illuminate/Foundation/Http/Middleware/TransformsRequest.php(21): Illuminate\\Pipeline\\Pipeline->{closure:{closure:Illuminate\\Pipeline\\Pipeline::carry():194}:195}()
#33 /home/drgroupb/public_html/vendor/laravel/framework/src/Illuminate/Foundation/Http/Middleware/TrimStrings.php(51): Illuminate\\Foundation\\Http\\Middleware\\TransformsRequest->handle()
#34 /home/drgroupb/public_html/vendor/laravel/framework/src/Illuminate/Pipeline/Pipeline.php(219): Illuminate\\Foundation\\Http\\Middleware\\TrimStrings->handle()
#35 /home/drgroupb/public_html/vendor/laravel/framework/src/Illuminate/Http/Middleware/ValidatePostSize.php(27): Illuminate\\Pipeline\\Pipeline->{closure:{closure:Illuminate\\Pipeline\\Pipeline::carry():194}:195}()
#36 /home/drgroupb/public_html/vendor/laravel/framework/src/Illuminate/Pipeline/Pipeline.php(219): Illuminate\\Http\\Middleware\\ValidatePostSize->handle()
#37 /home/drgroupb/public_html/vendor/laravel/framework/src/Illuminate/Foundation/Http/Middleware/PreventRequestsDuringMaintenance.php(110): Illuminate\\Pipeline\\Pipeline->{closure:{closure:Illuminate\\Pipeline\\Pipeline::carry():194}:195}()
#38 /home/drgroupb/public_html/vendor/laravel/framework/src/Illuminate/Pipeline/Pipeline.php(219): Illuminate\\Foundation\\Http\\Middleware\\PreventRequestsDuringMaintenance->handle()
#39 /home/drgroupb/public_html/vendor/laravel/framework/src/Illuminate/Http/Middleware/HandleCors.php(61): Illuminate\\Pipeline\\Pipeline->{closure:{closure:Illuminate\\Pipeline\\Pipeline::carry():194}:195}()
#40 /home/drgroupb/public_html/vendor/laravel/framework/src/Illuminate/Pipeline/Pipeline.php(219): Illuminate\\Http\\Middleware\\HandleCors->handle()
#41 /home/drgroupb/public_html/vendor/laravel/framework/src/Illuminate/Http/Middleware/TrustProxies.php(58): Illuminate\\Pipeline\\Pipeline->{closure:{closure:Illuminate\\Pipeline\\Pipeline::carry():194}:195}()
#42 /home/drgroupb/public_html/vendor/laravel/framework/src/Illuminate/Pipeline/Pipeline.php(219): Illuminate\\Http\\Middleware\\TrustProxies->handle()
#43 /home/drgroupb/public_html/vendor/laravel/framework/src/Illuminate/Foundation/Http/Middleware/InvokeDeferredCallbacks.php(22): Illuminate\\Pipeline\\Pipeline->{closure:{closure:Illuminate\\Pipeline\\Pipeline::carry():194}:195}()
#44 /home/drgroupb/public_html/vendor/laravel/framework/src/Illuminate/Pipeline/Pipeline.php(219): Illuminate\\Foundation\\Http\\Middleware\\InvokeDeferredCallbacks->handle()
#45 /home/drgroupb/public_html/vendor/laravel/framework/src/Illuminate/Http/Middleware/ValidatePathEncoding.php(28): Illuminate\\Pipeline\\Pipeline->{closure:{closure:Illuminate\\Pipeline\\Pipeline::carry():194}:195}()
#46 /home/drgroupb/public_html/vendor/laravel/framework/src/Illuminate/Pipeline/Pipeline.php(219): Illuminate\\Http\\Middleware\\ValidatePathEncoding->handle()
#47 /home/drgroupb/public_html/vendor/laravel/framework/src/Illuminate/Pipeline/Pipeline.php(137): Illuminate\\Pipeline\\Pipeline->{closure:{closure:Illuminate\\Pipeline\\Pipeline::carry():194}:195}()
#48 /home/drgroupb/public_html/vendor/laravel/framework/src/Illuminate/Foundation/Http/Kernel.php(175): Illuminate\\Pipeline\\Pipeline->then()
#49 /home/drgroupb/public_html/vendor/laravel/framework/src/Illuminate/Foundation/Http/Kernel.php(144): Illuminate\\Foundation\\Http\\Kernel->sendRequestThroughRouter()
#50 /home/drgroupb/public_html/vendor/laravel/framework/src/Illuminate/Foundation/Application.php(1227): Illuminate\\Foundation\\Http\\Kernel->handle()
#51 /home/drgroupb/public_html/index.php(31): Illuminate\\Foundation\\Application->handleRequest()
#52 {main}
"} 
